ISO3_code,date,NCU_to_USD,source
PNG,3/01/2022,0.29,https://www.bankpng.gov.pg/historical-exchange-rates/
PNG,4/01/2022,0.29,https://www.bankpng.gov.pg/historical-exchange-rates/
PNG,5/01/2022,0.29,https://www.bankpng.gov.pg/historical-exchange-rates/
PNG,6/01/2022,0.29,https://www.bankpng.gov.pg/historical-exchange-rates/
PNG,7/01/2022,0.29,https://www.bankpng.gov.pg/historical-exchange-rates/
PNG,8/01/2022,0.29,https://www.bankpng.gov.pg/historical-exchange-rates/
PNG,9/01/2022,0.29,https://www.bankpng.gov.pg/historical-exchange-rates/
PNG,10/01/2022,0.29,https://www.bankpng.gov.pg/historical-exchange-rates/
PNG,11/01/2022,0.29,https://www.bankpng.gov.pg/historical-exchange-rates/
PNG,12/01/2022,0.29,https://www.bankpng.gov.pg/historical-exchange-rates/
PNG,13/01/2022,0.29,https://www.bankpng.gov.pg/historical-exchange-rates/
PNG,14/01/2022,0.29,https://www.bankpng.gov.pg/historical-exchange-rates/
PNG,15/01/2022,0.29,https://www.bankpng.gov.pg/historical-exchange-rates/
PNG,16/01/2022,0.29,https://www.bankpng.gov.pg/historical-exchange-rates/
PNG,17/01/2022,0.29,https://www.bankpng.gov.pg/historical-exchange-rates/
PNG,18/01/2022,0.29,https://www.bankpng.gov.pg/historical-exchange-rates/
PNG,19/01/2022,0.29,https://www.bankpng.gov.pg/historical-exchange-rates/
PNG,20/01/2022,0.29,https://www.bankpng.gov.pg/historical-exchange-rates/
PNG,21/01/2022,0.29,https://www.bankpng.gov.pg/historical-exchange-rates/
PNG,22/01/2022,0.29,https://www.bankpng.gov.pg/historical-exchange-rates/
PNG,23/01/2022,0.29,https://www.bankpng.gov.pg/historical-exchange-rates/
PNG,24/01/2022,0.29,https://www.bankpng.gov.pg/historical-exchange-rates/
PNG,25/01/2022,0.29,https://www.bankpng.gov.pg/historical-exchange-rates/
PNG,26/01/2022,0.29,https://www.bankpng.gov.pg/historical-exchange-rates/
PNG,27/01/2022,0.29,https://www.bankpng.gov.pg/historical-exchange-rates/
PNG,28/01/2022,0.29,https://www.bankpng.gov.pg/historical-exchange-rates/
PNG,29/01/2022,0.29,https://www.bankpng.gov.pg/historical-exchange-rates/
PNG,30/01/2022,0.29,https://www.bankpng.gov.pg/historical-exchange-rates/
PNG,31/01/2022,0.29,https://www.bankpng.gov.pg/historical-exchange-rates/
PNG,1/02/2022,0.29,https://www.bankpng.gov.pg/historical-exchange-rates/
PNG,2/02/2022,0.29,https://www.bankpng.gov.pg/historical-exchange-rates/
PNG,3/02/2022,0.29,https://www.bankpng.gov.pg/historical-exchange-rates/
PNG,4/02/2022,0.29,https://www.bankpng.gov.pg/historical-exchange-rates/
PNG,5/02/2022,0.29,https://www.bankpng.gov.pg/historical-exchange-rates/
PNG,6/02/2022,0.29,https://www.bankpng.gov.pg/historical-exchange-rates/
PNG,7/02/2022,0.29,https://www.bankpng.gov.pg/historical-exchange-rates/
PNG,8/02/2022,0.29,https://www.bankpng.gov.pg/historical-exchange-rates/
PNG,9/02/2022,0.29,https://www.bankpng.gov.pg/historical-exchange-rates/
PNG,10/02/2022,0.29,https://www.bankpng.gov.pg/historical-exchange-rates/
PNG,11/02/2022,0.29,https://www.bankpng.gov.pg/historical-exchange-rates/
PNG,12/02/2022,0.29,https://www.bankpng.gov.pg/historical-exchange-rates/
PNG,13/02/2022,0.29,https://www.bankpng.gov.pg/historical-exchange-rates/
PNG,14/02/2022,0.29,https://www.bankpng.gov.pg/historical-exchange-rates/
PNG,15/02/2022,0.29,https://www.bankpng.gov.pg/historical-exchange-rates/
PNG,16/02/2022,0.29,https://www.bankpng.gov.pg/historical-exchange-rates/
PNG,17/02/2022,0.29,https://www.bankpng.gov.pg/historical-exchange-rates/
PNG,18/02/2022,0.29,https://www.bankpng.gov.pg/historical-exchange-rates/
PNG,19/02/2022,0.29,https://www.bankpng.gov.pg/historical-exchange-rates/
PNG,20/02/2022,0.29,https://www.bankpng.gov.pg/historical-exchange-rates/
PNG,21/02/2022,0.29,https://www.bankpng.gov.pg/historical-exchange-rates/
PNG,22/02/2022,0.29,https://www.bankpng.gov.pg/historical-exchange-rates/
PNG,23/02/2022,0.28,https://www.bankpng.gov.pg/historical-exchange-rates/
PNG,24/02/2022,0.28,https://www.bankpng.gov.pg/historical-exchange-rates/
PNG,25/02/2022,0.28,https://www.bankpng.gov.pg/historical-exchange-rates/
PNG,26/02/2022,0.28,https://www.bankpng.gov.pg/historical-exchange-rates/
PNG,27/02/2022,0.28,https://www.bankpng.gov.pg/historical-exchange-rates/
PNG,28/02/2022,0.28,https://www.bankpng.gov.pg/historical-exchange-rates/
PNG,1/03/2022,0.28,https://www.bankpng.gov.pg/historical-exchange-rates/
PNG,2/03/2022,0.28,https://www.bankpng.gov.pg/historical-exchange-rates/
PNG,3/03/2022,0.28,https://www.bankpng.gov.pg/historical-exchange-rates/
PNG,4/03/2022,0.28,https://www.bankpng.gov.pg/historical-exchange-rates/
PNG,5/03/2022,0.28,https://www.bankpng.gov.pg/historical-exchange-rates/
PNG,6/03/2022,0.28,https://www.bankpng.gov.pg/historical-exchange-rates/
PNG,7/03/2022,0.28,https://www.bankpng.gov.pg/historical-exchange-rates/
PNG,8/03/2022,0.28,https://www.bankpng.gov.pg/historical-exchange-rates/
PNG,9/03/2022,0.28,https://www.bankpng.gov.pg/historical-exchange-rates/
PNG,10/03/2022,0.28,https://www.bankpng.gov.pg/historical-exchange-rates/
PNG,11/03/2022,0.28,https://www.bankpng.gov.pg/historical-exchange-rates/
PNG,12/03/2022,0.28,https://www.bankpng.gov.pg/historical-exchange-rates/
PNG,13/03/2022,0.28,https://www.bankpng.gov.pg/historical-exchange-rates/
PNG,14/03/2022,0.28,https://www.bankpng.gov.pg/historical-exchange-rates/
PNG,15/03/2022,0.28,https://www.bankpng.gov.pg/historical-exchange-rates/
PNG,16/03/2022,0.28,https://www.bankpng.gov.pg/historical-exchange-rates/
PNG,17/03/2022,0.28,https://www.bankpng.gov.pg/historical-exchange-rates/
PNG,18/03/2022,0.28,https://www.bankpng.gov.pg/historical-exchange-rates/
PNG,19/03/2022,0.28,https://www.bankpng.gov.pg/historical-exchange-rates/
PNG,20/03/2022,0.28,https://www.bankpng.gov.pg/historical-exchange-rates/
PNG,21/03/2022,0.28,https://www.bankpng.gov.pg/historical-exchange-rates/
PNG,22/03/2022,0.28,https://www.bankpng.gov.pg/historical-exchange-rates/
PNG,23/03/2022,0.28,https://www.bankpng.gov.pg/historical-exchange-rates/
PNG,24/03/2022,0.28,https://www.bankpng.gov.pg/historical-exchange-rates/
PNG,25/03/2022,0.28,https://www.bankpng.gov.pg/historical-exchange-rates/
PNG,26/03/2022,0.28,https://www.bankpng.gov.pg/historical-exchange-rates/
PNG,27/03/2022,0.28,https://www.bankpng.gov.pg/historical-exchange-rates/
PNG,28/03/2022,0.28,https://www.bankpng.gov.pg/historical-exchange-rates/
PNG,29/03/2022,0.28,https://www.bankpng.gov.pg/historical-exchange-rates/
PNG,30/03/2022,0.28,https://www.bankpng.gov.pg/historical-exchange-rates/
PNG,31/03/2022,0.28,https://www.bankpng.gov.pg/historical-exchange-rates/
PNG,1/04/2022,0.28,https://www.bankpng.gov.pg/historical-exchange-rates/
PNG,2/04/2022,0.28,https://www.bankpng.gov.pg/historical-exchange-rates/
PNG,3/04/2022,0.28,https://www.bankpng.gov.pg/historical-exchange-rates/
PNG,4/04/2022,0.28,https://www.bankpng.gov.pg/historical-exchange-rates/
PNG,5/04/2022,0.28,https://www.bankpng.gov.pg/historical-exchange-rates/
PNG,6/04/2022,0.28,https://www.bankpng.gov.pg/historical-exchange-rates/
PNG,7/04/2022,0.28,https://www.bankpng.gov.pg/historical-exchange-rates/
PNG,8/04/2022,0.28,https://www.bankpng.gov.pg/historical-exchange-rates/
PNG,9/04/2022,0.28,https://www.bankpng.gov.pg/historical-exchange-rates/
PNG,10/04/2022,0.28,https://www.bankpng.gov.pg/historical-exchange-rates/
PNG,11/04/2022,0.28,https://www.bankpng.gov.pg/historical-exchange-rates/
PNG,12/04/2022,0.28,https://www.bankpng.gov.pg/historical-exchange-rates/
PNG,13/04/2022,0.28,https://www.bankpng.gov.pg/historical-exchange-rates/
PNG,14/04/2022,0.28,https://www.bankpng.gov.pg/historical-exchange-rates/
PNG,15/04/2022,0.28,https://www.bankpng.gov.pg/historical-exchange-rates/
PNG,16/04/2022,0.28,https://www.bankpng.gov.pg/historical-exchange-rates/
PNG,17/04/2022,0.28,https://www.bankpng.gov.pg/historical-exchange-rates/
PNG,18/04/2022,0.28,https://www.bankpng.gov.pg/historical-exchange-rates/
PNG,19/04/2022,0.28,https://www.bankpng.gov.pg/historical-exchange-rates/
PNG,20/04/2022,0.28,https://www.bankpng.gov.pg/historical-exchange-rates/
PNG,21/04/2022,0.28,https://www.bankpng.gov.pg/historical-exchange-rates/
PNG,22/04/2022,0.28,https://www.bankpng.gov.pg/historical-exchange-rates/
PNG,23/04/2022,0.28,https://www.bankpng.gov.pg/historical-exchange-rates/
PNG,24/04/2022,0.28,https://www.bankpng.gov.pg/historical-exchange-rates/
PNG,25/04/2022,0.28,https://www.bankpng.gov.pg/historical-exchange-rates/
PNG,26/04/2022,0.28,https://www.bankpng.gov.pg/historical-exchange-rates/
PNG,27/04/2022,0.28,https://www.bankpng.gov.pg/historical-exchange-rates/
PNG,28/04/2022,0.28,https://www.bankpng.gov.pg/historical-exchange-rates/
PNG,29/04/2022,0.28,https://www.bankpng.gov.pg/historical-exchange-rates/
PNG,30/04/2022,0.28,https://www.bankpng.gov.pg/historical-exchange-rates/
PNG,1/05/2022,0.28,https://www.bankpng.gov.pg/historical-exchange-rates/
PNG,2/05/2022,0.28,https://www.bankpng.gov.pg/historical-exchange-rates/
PNG,3/05/2022,0.28,https://www.bankpng.gov.pg/historical-exchange-rates/
PNG,4/05/2022,0.28,https://www.bankpng.gov.pg/historical-exchange-rates/
PNG,5/05/2022,0.28,https://www.bankpng.gov.pg/historical-exchange-rates/
PNG,6/05/2022,0.28,https://www.bankpng.gov.pg/historical-exchange-rates/
PNG,7/05/2022,0.28,https://www.bankpng.gov.pg/historical-exchange-rates/
PNG,8/05/2022,0.28,https://www.bankpng.gov.pg/historical-exchange-rates/
PNG,9/05/2022,0.28,https://www.bankpng.gov.pg/historical-exchange-rates/
PNG,10/05/2022,0.28,https://www.bankpng.gov.pg/historical-exchange-rates/
PNG,11/05/2022,0.28,https://www.bankpng.gov.pg/historical-exchange-rates/
PNG,12/05/2022,0.28,https://www.bankpng.gov.pg/historical-exchange-rates/
PNG,13/05/2022,0.28,https://www.bankpng.gov.pg/historical-exchange-rates/
PNG,14/05/2022,0.28,https://www.bankpng.gov.pg/historical-exchange-rates/
PNG,15/05/2022,0.28,https://www.bankpng.gov.pg/historical-exchange-rates/
PNG,16/05/2022,0.28,https://www.bankpng.gov.pg/historical-exchange-rates/
PNG,17/05/2022,0.28,https://www.bankpng.gov.pg/historical-exchange-rates/
PNG,18/05/2022,0.28,https://www.bankpng.gov.pg/historical-exchange-rates/
PNG,19/05/2022,0.28,https://www.bankpng.gov.pg/historical-exchange-rates/
PNG,20/05/2022,0.28,https://www.bankpng.gov.pg/historical-exchange-rates/
PNG,21/05/2022,0.28,https://www.bankpng.gov.pg/historical-exchange-rates/
PNG,22/05/2022,0.28,https://www.bankpng.gov.pg/historical-exchange-rates/
PNG,23/05/2022,0.28,https://www.bankpng.gov.pg/historical-exchange-rates/
PNG,24/05/2022,0.28,https://www.bankpng.gov.pg/historical-exchange-rates/
PNG,25/05/2022,0.28,https://www.bankpng.gov.pg/historical-exchange-rates/
PNG,26/05/2022,0.28,https://www.bankpng.gov.pg/historical-exchange-rates/
PNG,27/05/2022,0.28,https://www.bankpng.gov.pg/historical-exchange-rates/
PNG,28/05/2022,0.28,https://www.bankpng.gov.pg/historical-exchange-rates/
PNG,29/05/2022,0.28,https://www.bankpng.gov.pg/historical-exchange-rates/
PNG,30/05/2022,0.28,https://www.bankpng.gov.pg/historical-exchange-rates/
PNG,31/05/2022,0.28,https://www.bankpng.gov.pg/historical-exchange-rates/
PNG,1/06/2022,0.28,https://www.bankpng.gov.pg/historical-exchange-rates/
PNG,2/06/2022,0.28,https://www.bankpng.gov.pg/historical-exchange-rates/
PNG,3/06/2022,0.28,https://www.bankpng.gov.pg/historical-exchange-rates/
PNG,4/06/2022,0.28,https://www.bankpng.gov.pg/historical-exchange-rates/
PNG,5/06/2022,0.28,https://www.bankpng.gov.pg/historical-exchange-rates/
PNG,6/06/2022,0.28,https://www.bankpng.gov.pg/historical-exchange-rates/
PNG,7/06/2022,0.28,https://www.bankpng.gov.pg/historical-exchange-rates/
PNG,8/06/2022,0.28,https://www.bankpng.gov.pg/historical-exchange-rates/
PNG,9/06/2022,0.28,https://www.bankpng.gov.pg/historical-exchange-rates/
PNG,10/06/2022,0.28,https://www.bankpng.gov.pg/historical-exchange-rates/
PNG,11/06/2022,0.28,https://www.bankpng.gov.pg/historical-exchange-rates/
PNG,12/06/2022,0.28,https://www.bankpng.gov.pg/historical-exchange-rates/
PNG,13/06/2022,0.28,https://www.bankpng.gov.pg/historical-exchange-rates/
PNG,14/06/2022,0.28,https://www.bankpng.gov.pg/historical-exchange-rates/
PNG,15/06/2022,0.28,https://www.bankpng.gov.pg/historical-exchange-rates/
PNG,16/06/2022,0.28,https://www.bankpng.gov.pg/historical-exchange-rates/
PNG,17/06/2022,0.28,https://www.bankpng.gov.pg/historical-exchange-rates/
PNG,18/06/2022,0.28,https://www.bankpng.gov.pg/historical-exchange-rates/
PNG,19/06/2022,0.28,https://www.bankpng.gov.pg/historical-exchange-rates/
PNG,20/06/2022,0.28,https://www.bankpng.gov.pg/historical-exchange-rates/
PNG,21/06/2022,0.28,https://www.bankpng.gov.pg/historical-exchange-rates/
PNG,22/06/2022,0.28,https://www.bankpng.gov.pg/historical-exchange-rates/
PNG,23/06/2022,0.28,https://www.bankpng.gov.pg/historical-exchange-rates/
PNG,24/06/2022,0.28,https://www.bankpng.gov.pg/historical-exchange-rates/
PNG,25/06/2022,0.28,https://www.bankpng.gov.pg/historical-exchange-rates/
PNG,26/06/2022,0.28,https://www.bankpng.gov.pg/historical-exchange-rates/
PNG,27/06/2022,0.28,https://www.bankpng.gov.pg/historical-exchange-rates/
PNG,28/06/2022,0.28,https://www.bankpng.gov.pg/historical-exchange-rates/
PNG,29/06/2022,0.28,https://www.bankpng.gov.pg/historical-exchange-rates/
PNG,30/06/2022,0.28,https://www.bankpng.gov.pg/historical-exchange-rates/
PNG,1/08/2022,0.28,https://www.bankpng.gov.pg/historical-exchange-rates/
PNG,2/08/2022,0.28,https://www.bankpng.gov.pg/historical-exchange-rates/
PNG,3/08/2022,0.28,https://www.bankpng.gov.pg/historical-exchange-rates/
PNG,4/08/2022,0.28,https://www.bankpng.gov.pg/historical-exchange-rates/
PNG,5/08/2022,0.28,https://www.bankpng.gov.pg/historical-exchange-rates/
PNG,6/08/2022,0.28,https://www.bankpng.gov.pg/historical-exchange-rates/
PNG,7/08/2022,0.28,https://www.bankpng.gov.pg/historical-exchange-rates/
PNG,8/08/2022,0.28,https://www.bankpng.gov.pg/historical-exchange-rates/
PNG,9/08/2022,0.28,https://www.bankpng.gov.pg/historical-exchange-rates/
PNG,10/08/2022,0.28,https://www.bankpng.gov.pg/historical-exchange-rates/
PNG,11/08/2022,0.28,https://www.bankpng.gov.pg/historical-exchange-rates/
PNG,12/08/2022,0.28,https://www.bankpng.gov.pg/historical-exchange-rates/
PNG,13/08/2022,0.28,https://www.bankpng.gov.pg/historical-exchange-rates/
PNG,14/08/2022,0.28,https://www.bankpng.gov.pg/historical-exchange-rates/
PNG,15/08/2022,0.28,https://www.bankpng.gov.pg/historical-exchange-rates/
PNG,16/08/2022,0.28,https://www.bankpng.gov.pg/historical-exchange-rates/
PNG,17/08/2022,0.28,https://www.bankpng.gov.pg/historical-exchange-rates/
PNG,18/08/2022,0.28,https://www.bankpng.gov.pg/historical-exchange-rates/
PNG,19/08/2022,0.28,https://www.bankpng.gov.pg/historical-exchange-rates/
PNG,20/08/2022,0.28,https://www.bankpng.gov.pg/historical-exchange-rates/
PNG,21/08/2022,0.28,https://www.bankpng.gov.pg/historical-exchange-rates/
PNG,22/08/2022,0.28,https://www.bankpng.gov.pg/historical-exchange-rates/
PNG,23/08/2022,0.28,https://www.bankpng.gov.pg/historical-exchange-rates/
PNG,24/08/2022,0.28,https://www.bankpng.gov.pg/historical-exchange-rates/
PNG,25/08/2022,0.28,https://www.bankpng.gov.pg/historical-exchange-rates/
PNG,26/08/2022,0.28,https://www.bankpng.gov.pg/historical-exchange-rates/
PNG,27/08/2022,0.28,https://www.bankpng.gov.pg/historical-exchange-rates/
PNG,28/08/2022,0.28,https://www.bankpng.gov.pg/historical-exchange-rates/
PNG,29/08/2022,0.28,https://www.bankpng.gov.pg/historical-exchange-rates/
PNG,30/08/2022,0.28,https://www.bankpng.gov.pg/historical-exchange-rates/
PNG,31/08/2022,0.28,https://www.bankpng.gov.pg/historical-exchange-rates/
PNG,1/09/2022,0.28,https://www.bankpng.gov.pg/historical-exchange-rates/
PNG,2/09/2022,0.28,https://www.bankpng.gov.pg/historical-exchange-rates/
PNG,3/09/2022,0.28,https://www.bankpng.gov.pg/historical-exchange-rates/
PNG,4/09/2022,0.28,https://www.bankpng.gov.pg/historical-exchange-rates/
PNG,5/09/2022,0.28,https://www.bankpng.gov.pg/historical-exchange-rates/
PNG,6/09/2022,0.28,https://www.bankpng.gov.pg/historical-exchange-rates/
PNG,7/09/2022,0.28,https://www.bankpng.gov.pg/historical-exchange-rates/
PNG,8/09/2022,0.28,https://www.bankpng.gov.pg/historical-exchange-rates/
PNG,9/09/2022,0.28,https://www.bankpng.gov.pg/historical-exchange-rates/
PNG,10/09/2022,0.28,https://www.bankpng.gov.pg/historical-exchange-rates/
PNG,11/09/2022,0.28,https://www.bankpng.gov.pg/historical-exchange-rates/
PNG,12/09/2022,0.28,https://www.bankpng.gov.pg/historical-exchange-rates/
PNG,13/09/2022,0.28,https://www.bankpng.gov.pg/historical-exchange-rates/
PNG,14/09/2022,0.28,https://www.bankpng.gov.pg/historical-exchange-rates/
PNG,15/09/2022,0.28,https://www.bankpng.gov.pg/historical-exchange-rates/
PNG,16/09/2022,0.28,https://www.bankpng.gov.pg/historical-exchange-rates/
PNG,17/09/2022,0.28,https://www.bankpng.gov.pg/historical-exchange-rates/
PNG,18/09/2022,0.28,https://www.bankpng.gov.pg/historical-exchange-rates/
PNG,19/09/2022,0.28,https://www.bankpng.gov.pg/historical-exchange-rates/
PNG,20/09/2022,0.28,https://www.bankpng.gov.pg/historical-exchange-rates/
PNG,21/09/2022,0.28,https://www.bankpng.gov.pg/historical-exchange-rates/
PNG,22/09/2022,0.28,https://www.bankpng.gov.pg/historical-exchange-rates/
PNG,23/09/2022,0.28,https://www.bankpng.gov.pg/historical-exchange-rates/
PNG,24/09/2022,0.28,https://www.bankpng.gov.pg/historical-exchange-rates/
PNG,25/09/2022,0.28,https://www.bankpng.gov.pg/historical-exchange-rates/
PNG,26/09/2022,0.28,https://www.bankpng.gov.pg/historical-exchange-rates/
PNG,27/09/2022,0.28,https://www.bankpng.gov.pg/historical-exchange-rates/
PNG,28/09/2022,0.28,https://www.bankpng.gov.pg/historical-exchange-rates/
PNG,29/09/2022,0.28,https://www.bankpng.gov.pg/historical-exchange-rates/
PNG,30/09/2022,0.28,https://www.bankpng.gov.pg/historical-exchange-rates/
PNG,1/10/2022,0.28,https://www.bankpng.gov.pg/historical-exchange-rates/
PNG,2/10/2022,0.28,https://www.bankpng.gov.pg/historical-exchange-rates/
PNG,3/10/2022,0.28,https://www.bankpng.gov.pg/historical-exchange-rates/
PNG,4/10/2022,0.28,https://www.bankpng.gov.pg/historical-exchange-rates/
PNG,5/10/2022,0.28,https://www.bankpng.gov.pg/historical-exchange-rates/
PNG,6/10/2022,0.28,https://www.bankpng.gov.pg/historical-exchange-rates/
PNG,7/10/2022,0.28,https://www.bankpng.gov.pg/historical-exchange-rates/
PNG,8/10/2022,0.28,https://www.bankpng.gov.pg/historical-exchange-rates/
PNG,9/10/2022,0.28,https://www.bankpng.gov.pg/historical-exchange-rates/
PNG,10/10/2022,0.28,https://www.bankpng.gov.pg/historical-exchange-rates/
PNG,11/10/2022,0.28,https://www.bankpng.gov.pg/historical-exchange-rates/
PNG,12/10/2022,0.28,https://www.bankpng.gov.pg/historical-exchange-rates/
PNG,13/10/2022,0.28,https://www.bankpng.gov.pg/historical-exchange-rates/
PNG,14/10/2022,0.28,https://www.bankpng.gov.pg/historical-exchange-rates/
PNG,15/10/2022,0.28,https://www.bankpng.gov.pg/historical-exchange-rates/
PNG,16/10/2022,0.28,https://www.bankpng.gov.pg/historical-exchange-rates/
PNG,17/10/2022,0.28,https://www.bankpng.gov.pg/historical-exchange-rates/
PNG,18/10/2022,0.28,https://www.bankpng.gov.pg/historical-exchange-rates/
PNG,19/10/2022,0.28,https://www.bankpng.gov.pg/historical-exchange-rates/
PNG,20/10/2022,0.28,https://www.bankpng.gov.pg/historical-exchange-rates/
PNG,21/10/2022,0.28,https://www.bankpng.gov.pg/historical-exchange-rates/
PNG,22/10/2022,0.28,https://www.bankpng.gov.pg/historical-exchange-rates/
PNG,23/10/2022,0.28,https://www.bankpng.gov.pg/historical-exchange-rates/
PNG,24/10/2022,0.28,https://www.bankpng.gov.pg/historical-exchange-rates/
PNG,25/10/2022,0.28,https://www.bankpng.gov.pg/historical-exchange-rates/
PNG,26/10/2022,0.28,https://www.bankpng.gov.pg/historical-exchange-rates/
PNG,27/10/2022,0.28,https://www.bankpng.gov.pg/historical-exchange-rates/
PNG,28/10/2022,0.28,https://www.bankpng.gov.pg/historical-exchange-rates/
PNG,29/10/2022,0.28,https://www.bankpng.gov.pg/historical-exchange-rates/
PNG,30/10/2022,0.28,https://www.bankpng.gov.pg/historical-exchange-rates/
PNG,31/10/2022,0.28,https://www.bankpng.gov.pg/historical-exchange-rates/
PNG,1/11/2022,0.28,https://www.bankpng.gov.pg/historical-exchange-rates/
PNG,2/11/2022,0.28,https://www.bankpng.gov.pg/historical-exchange-rates/
PNG,3/11/2022,0.28,https://www.bankpng.gov.pg/historical-exchange-rates/
PNG,4/11/2022,0.28,https://www.bankpng.gov.pg/historical-exchange-rates/
PNG,5/11/2022,0.28,https://www.bankpng.gov.pg/historical-exchange-rates/
PNG,6/11/2022,0.28,https://www.bankpng.gov.pg/historical-exchange-rates/
PNG,7/11/2022,0.28,https://www.bankpng.gov.pg/historical-exchange-rates/
PNG,8/11/2022,0.28,https://www.bankpng.gov.pg/historical-exchange-rates/
PNG,9/11/2022,0.28,https://www.bankpng.gov.pg/historical-exchange-rates/
PNG,10/11/2022,0.28,https://www.bankpng.gov.pg/historical-exchange-rates/
PNG,11/11/2022,0.28,https://www.bankpng.gov.pg/historical-exchange-rates/
PNG,12/11/2022,0.28,https://www.bankpng.gov.pg/historical-exchange-rates/
PNG,13/11/2022,0.28,https://www.bankpng.gov.pg/historical-exchange-rates/
PNG,14/11/2022,0.28,https://www.bankpng.gov.pg/historical-exchange-rates/
PNG,15/11/2022,0.28,https://www.bankpng.gov.pg/historical-exchange-rates/
PNG,16/11/2022,0.28,https://www.bankpng.gov.pg/historical-exchange-rates/
PNG,17/11/2022,0.28,https://www.bankpng.gov.pg/historical-exchange-rates/
PNG,18/11/2022,0.28,https://www.bankpng.gov.pg/historical-exchange-rates/
PNG,19/11/2022,0.28,https://www.bankpng.gov.pg/historical-exchange-rates/
PNG,20/11/2022,0.28,https://www.bankpng.gov.pg/historical-exchange-rates/
PNG,21/11/2022,0.28,https://www.bankpng.gov.pg/historical-exchange-rates/
PNG,22/11/2022,0.28,https://www.bankpng.gov.pg/historical-exchange-rates/
PNG,23/11/2022,0.28,https://www.bankpng.gov.pg/historical-exchange-rates/
PNG,24/11/2022,0.28,https://www.bankpng.gov.pg/historical-exchange-rates/
PNG,25/11/2022,0.28,https://www.bankpng.gov.pg/historical-exchange-rates/
PNG,26/11/2022,0.28,https://www.bankpng.gov.pg/historical-exchange-rates/
PNG,27/11/2022,0.28,https://www.bankpng.gov.pg/historical-exchange-rates/
PNG,28/11/2022,0.28,https://www.bankpng.gov.pg/historical-exchange-rates/
PNG,29/11/2022,0.28,https://www.bankpng.gov.pg/historical-exchange-rates/
PNG,30/11/2022,0.28,https://www.bankpng.gov.pg/historical-exchange-rates/
PNG,1/12/2022,0.28,https://www.bankpng.gov.pg/historical-exchange-rates/
PNG,2/12/2022,0.28,https://www.bankpng.gov.pg/historical-exchange-rates/
PNG,3/12/2022,0.28,https://www.bankpng.gov.pg/historical-exchange-rates/
PNG,4/12/2022,0.28,https://www.bankpng.gov.pg/historical-exchange-rates/
PNG,5/12/2022,0.28,https://www.bankpng.gov.pg/historical-exchange-rates/
PNG,6/12/2022,0.28,https://www.bankpng.gov.pg/historical-exchange-rates/
PNG,7/12/2022,0.28,https://www.bankpng.gov.pg/historical-exchange-rates/
PNG,8/12/2022,0.28,https://www.bankpng.gov.pg/historical-exchange-rates/
PNG,9/12/2022,0.28,https://www.bankpng.gov.pg/historical-exchange-rates/
PNG,10/12/2022,0.28,https://www.bankpng.gov.pg/historical-exchange-rates/
PNG,11/12/2022,0.28,https://www.bankpng.gov.pg/historical-exchange-rates/
PNG,12/12/2022,0.28,https://www.bankpng.gov.pg/historical-exchange-rates/
PNG,13/12/2022,0.28,https://www.bankpng.gov.pg/historical-exchange-rates/
PNG,14/12/2022,0.28,https://www.bankpng.gov.pg/historical-exchange-rates/
PNG,15/12/2022,0.28,https://www.bankpng.gov.pg/historical-exchange-rates/
PNG,16/12/2022,0.28,https://www.bankpng.gov.pg/historical-exchange-rates/
PNG,17/12/2022,0.28,https://www.bankpng.gov.pg/historical-exchange-rates/
PNG,18/12/2022,0.28,https://www.bankpng.gov.pg/historical-exchange-rates/
PNG,19/12/2022,0.28,https://www.bankpng.gov.pg/historical-exchange-rates/
PNG,20/12/2022,0.28,https://www.bankpng.gov.pg/historical-exchange-rates/
PNG,21/12/2022,0.28,https://www.bankpng.gov.pg/historical-exchange-rates/
PNG,22/12/2022,0.28,https://www.bankpng.gov.pg/historical-exchange-rates/
PNG,23/12/2022,0.28,https://www.bankpng.gov.pg/historical-exchange-rates/
PNG,24/12/2022,0.28,https://www.bankpng.gov.pg/historical-exchange-rates/
PNG,25/12/2022,0.28,https://www.bankpng.gov.pg/historical-exchange-rates/
PNG,26/12/2022,0.28,https://www.bankpng.gov.pg/historical-exchange-rates/
PNG,27/12/2022,0.28,https://www.bankpng.gov.pg/historical-exchange-rates/
PNG,28/12/2022,0.28,https://www.bankpng.gov.pg/historical-exchange-rates/
PNG,29/12/2022,0.28,https://www.bankpng.gov.pg/historical-exchange-rates/
PNG,30/12/2022,0.28,https://www.bankpng.gov.pg/historical-exchange-rates/
PNG,31/12/2022,0.28,https://www.bankpng.gov.pg/historical-exchange-rates/
IDN,12/30/2022 12:00:00 AM,15592.00,https://www.bi.go.id/en/statistik/informasi-kurs/jisdor/Default.aspx
IDN,12/29/2022 12:00:00 AM,15731.00,https://www.bi.go.id/en/statistik/informasi-kurs/jisdor/Default.aspx
IDN,12/28/2022 12:00:00 AM,15703.00,https://www.bi.go.id/en/statistik/informasi-kurs/jisdor/Default.aspx
IDN,12/27/2022 12:00:00 AM,15659.00,https://www.bi.go.id/en/statistik/informasi-kurs/jisdor/Default.aspx
IDN,12/26/2022 12:00:00 AM,15636.00,https://www.bi.go.id/en/statistik/informasi-kurs/jisdor/Default.aspx
IDN,12/23/2022 12:00:00 AM,15605.00,https://www.bi.go.id/en/statistik/informasi-kurs/jisdor/Default.aspx
IDN,12/22/2022 12:00:00 AM,15594.00,https://www.bi.go.id/en/statistik/informasi-kurs/jisdor/Default.aspx
IDN,12/21/2022 12:00:00 AM,15601.00,https://www.bi.go.id/en/statistik/informasi-kurs/jisdor/Default.aspx
IDN,12/20/2022 12:00:00 AM,15608.00,https://www.bi.go.id/en/statistik/informasi-kurs/jisdor/Default.aspx
IDN,12/19/2022 12:00:00 AM,15621.00,https://www.bi.go.id/en/statistik/informasi-kurs/jisdor/Default.aspx
IDN,12/16/2022 12:00:00 AM,15617.00,https://www.bi.go.id/en/statistik/informasi-kurs/jisdor/Default.aspx
IDN,12/15/2022 12:00:00 AM,15630.00,https://www.bi.go.id/en/statistik/informasi-kurs/jisdor/Default.aspx
IDN,12/14/2022 12:00:00 AM,15619.00,https://www.bi.go.id/en/statistik/informasi-kurs/jisdor/Default.aspx
IDN,12/13/2022 12:00:00 AM,15661.00,https://www.bi.go.id/en/statistik/informasi-kurs/jisdor/Default.aspx
IDN,12/12/2022 12:00:00 AM,15642.00,https://www.bi.go.id/en/statistik/informasi-kurs/jisdor/Default.aspx
IDN,12/9/2022 12:00:00 AM,15587.00,https://www.bi.go.id/en/statistik/informasi-kurs/jisdor/Default.aspx
IDN,12/8/2022 12:00:00 AM,15624.00,https://www.bi.go.id/en/statistik/informasi-kurs/jisdor/Default.aspx
IDN,12/7/2022 12:00:00 AM,15619.00,https://www.bi.go.id/en/statistik/informasi-kurs/jisdor/Default.aspx
IDN,12/6/2022 12:00:00 AM,15576.00,https://www.bi.go.id/en/statistik/informasi-kurs/jisdor/Default.aspx
IDN,12/5/2022 12:00:00 AM,15409.00,https://www.bi.go.id/en/statistik/informasi-kurs/jisdor/Default.aspx
IDN,12/2/2022 12:00:00 AM,15429.00,https://www.bi.go.id/en/statistik/informasi-kurs/jisdor/Default.aspx
IDN,12/1/2022 12:00:00 AM,15617.00,https://www.bi.go.id/en/statistik/informasi-kurs/jisdor/Default.aspx
IDN,11/30/2022 12:00:00 AM,15742.00,https://www.bi.go.id/en/statistik/informasi-kurs/jisdor/Default.aspx
IDN,11/29/2022 12:00:00 AM,15737.00,https://www.bi.go.id/en/statistik/informasi-kurs/jisdor/Default.aspx
IDN,11/28/2022 12:00:00 AM,15729.00,https://www.bi.go.id/en/statistik/informasi-kurs/jisdor/Default.aspx
IDN,11/25/2022 12:00:00 AM,15668.00,https://www.bi.go.id/en/statistik/informasi-kurs/jisdor/Default.aspx
IDN,11/24/2022 12:00:00 AM,15647.00,https://www.bi.go.id/en/statistik/informasi-kurs/jisdor/Default.aspx
IDN,11/23/2022 12:00:00 AM,15700.00,https://www.bi.go.id/en/statistik/informasi-kurs/jisdor/Default.aspx
IDN,11/22/2022 12:00:00 AM,15716.00,https://www.bi.go.id/en/statistik/informasi-kurs/jisdor/Default.aspx
IDN,11/21/2022 12:00:00 AM,15707.00,https://www.bi.go.id/en/statistik/informasi-kurs/jisdor/Default.aspx
IDN,11/18/2022 12:00:00 AM,15692.00,https://www.bi.go.id/en/statistik/informasi-kurs/jisdor/Default.aspx
IDN,11/17/2022 12:00:00 AM,15687.00,https://www.bi.go.id/en/statistik/informasi-kurs/jisdor/Default.aspx
IDN,11/16/2022 12:00:00 AM,15610.00,https://www.bi.go.id/en/statistik/informasi-kurs/jisdor/Default.aspx
IDN,11/15/2022 12:00:00 AM,15564.00,https://www.bi.go.id/en/statistik/informasi-kurs/jisdor/Default.aspx
IDN,11/14/2022 12:00:00 AM,15499.00,https://www.bi.go.id/en/statistik/informasi-kurs/jisdor/Default.aspx
IDN,11/11/2022 12:00:00 AM,15493.00,https://www.bi.go.id/en/statistik/informasi-kurs/jisdor/Default.aspx
IDN,11/10/2022 12:00:00 AM,15701.00,https://www.bi.go.id/en/statistik/informasi-kurs/jisdor/Default.aspx
IDN,11/9/2022 12:00:00 AM,15654.00,https://www.bi.go.id/en/statistik/informasi-kurs/jisdor/Default.aspx
IDN,11/8/2022 12:00:00 AM,15684.00,https://www.bi.go.id/en/statistik/informasi-kurs/jisdor/Default.aspx
IDN,11/7/2022 12:00:00 AM,15692.00,https://www.bi.go.id/en/statistik/informasi-kurs/jisdor/Default.aspx
IDN,11/4/2022 12:00:00 AM,15736.00,https://www.bi.go.id/en/statistik/informasi-kurs/jisdor/Default.aspx
IDN,11/3/2022 12:00:00 AM,15681.00,https://www.bi.go.id/en/statistik/informasi-kurs/jisdor/Default.aspx
IDN,11/2/2022 12:00:00 AM,15652.00,https://www.bi.go.id/en/statistik/informasi-kurs/jisdor/Default.aspx
IDN,11/1/2022 12:00:00 AM,15647.00,https://www.bi.go.id/en/statistik/informasi-kurs/jisdor/Default.aspx
IDN,10/31/2022 12:00:00 AM,15596.00,https://www.bi.go.id/en/statistik/informasi-kurs/jisdor/Default.aspx
IDN,10/28/2022 12:00:00 AM,15542.00,https://www.bi.go.id/en/statistik/informasi-kurs/jisdor/Default.aspx
IDN,10/27/2022 12:00:00 AM,15573.00,https://www.bi.go.id/en/statistik/informasi-kurs/jisdor/Default.aspx
IDN,10/26/2022 12:00:00 AM,15596.00,https://www.bi.go.id/en/statistik/informasi-kurs/jisdor/Default.aspx
IDN,10/25/2022 12:00:00 AM,15616.00,https://www.bi.go.id/en/statistik/informasi-kurs/jisdor/Default.aspx
IDN,10/24/2022 12:00:00 AM,15590.00,https://www.bi.go.id/en/statistik/informasi-kurs/jisdor/Default.aspx
IDN,10/21/2022 12:00:00 AM,15610.00,https://www.bi.go.id/en/statistik/informasi-kurs/jisdor/Default.aspx
IDN,10/20/2022 12:00:00 AM,15579.00,https://www.bi.go.id/en/statistik/informasi-kurs/jisdor/Default.aspx
IDN,10/19/2022 12:00:00 AM,15491.00,https://www.bi.go.id/en/statistik/informasi-kurs/jisdor/Default.aspx
IDN,10/18/2022 12:00:00 AM,15469.00,https://www.bi.go.id/en/statistik/informasi-kurs/jisdor/Default.aspx
IDN,10/17/2022 12:00:00 AM,15480.00,https://www.bi.go.id/en/statistik/informasi-kurs/jisdor/Default.aspx
IDN,10/14/2022 12:00:00 AM,15390.00,https://www.bi.go.id/en/statistik/informasi-kurs/jisdor/Default.aspx
IDN,10/13/2022 12:00:00 AM,15357.00,https://www.bi.go.id/en/statistik/informasi-kurs/jisdor/Default.aspx
IDN,10/12/2022 12:00:00 AM,15373.00,https://www.bi.go.id/en/statistik/informasi-kurs/jisdor/Default.aspx
IDN,10/11/2022 12:00:00 AM,15362.00,https://www.bi.go.id/en/statistik/informasi-kurs/jisdor/Default.aspx
IDN,10/10/2022 12:00:00 AM,15299.00,https://www.bi.go.id/en/statistik/informasi-kurs/jisdor/Default.aspx
IDN,10/7/2022 12:00:00 AM,15246.00,https://www.bi.go.id/en/statistik/informasi-kurs/jisdor/Default.aspx
IDN,10/6/2022 12:00:00 AM,15197.00,https://www.bi.go.id/en/statistik/informasi-kurs/jisdor/Default.aspx
IDN,10/5/2022 12:00:00 AM,15196.00,https://www.bi.go.id/en/statistik/informasi-kurs/jisdor/Default.aspx
IDN,10/4/2022 12:00:00 AM,15276.00,https://www.bi.go.id/en/statistik/informasi-kurs/jisdor/Default.aspx
IDN,10/3/2022 12:00:00 AM,15293.00,https://www.bi.go.id/en/statistik/informasi-kurs/jisdor/Default.aspx
IDN,9/30/2022 12:00:00 AM,15232.00,https://www.bi.go.id/en/statistik/informasi-kurs/jisdor/Default.aspx
IDN,9/29/2022 12:00:00 AM,15247.00,https://www.bi.go.id/en/statistik/informasi-kurs/jisdor/Default.aspx
IDN,9/28/2022 12:00:00 AM,15243.00,https://www.bi.go.id/en/statistik/informasi-kurs/jisdor/Default.aspx
IDN,9/27/2022 12:00:00 AM,15155.00,https://www.bi.go.id/en/statistik/informasi-kurs/jisdor/Default.aspx
IDN,9/26/2022 12:00:00 AM,15119.00,https://www.bi.go.id/en/statistik/informasi-kurs/jisdor/Default.aspx
IDN,9/23/2022 12:00:00 AM,15035.00,https://www.bi.go.id/en/statistik/informasi-kurs/jisdor/Default.aspx
IDN,9/22/2022 12:00:00 AM,15033.00,https://www.bi.go.id/en/statistik/informasi-kurs/jisdor/Default.aspx
IDN,9/21/2022 12:00:00 AM,15011.00,https://www.bi.go.id/en/statistik/informasi-kurs/jisdor/Default.aspx
IDN,9/20/2022 12:00:00 AM,14975.00,https://www.bi.go.id/en/statistik/informasi-kurs/jisdor/Default.aspx
IDN,9/19/2022 12:00:00 AM,14980.00,https://www.bi.go.id/en/statistik/informasi-kurs/jisdor/Default.aspx
IDN,9/16/2022 12:00:00 AM,14939.00,https://www.bi.go.id/en/statistik/informasi-kurs/jisdor/Default.aspx
IDN,9/15/2022 12:00:00 AM,14899.00,https://www.bi.go.id/en/statistik/informasi-kurs/jisdor/Default.aspx
IDN,9/14/2022 12:00:00 AM,14923.00,https://www.bi.go.id/en/statistik/informasi-kurs/jisdor/Default.aspx
IDN,9/13/2022 12:00:00 AM,14861.00,https://www.bi.go.id/en/statistik/informasi-kurs/jisdor/Default.aspx
IDN,9/12/2022 12:00:00 AM,14839.00,https://www.bi.go.id/en/statistik/informasi-kurs/jisdor/Default.aspx
IDN,9/9/2022 12:00:00 AM,14846.00,https://www.bi.go.id/en/statistik/informasi-kurs/jisdor/Default.aspx
IDN,9/8/2022 12:00:00 AM,14905.00,https://www.bi.go.id/en/statistik/informasi-kurs/jisdor/Default.aspx
IDN,9/7/2022 12:00:00 AM,14927.00,https://www.bi.go.id/en/statistik/informasi-kurs/jisdor/Default.aspx
IDN,9/6/2022 12:00:00 AM,14885.00,https://www.bi.go.id/en/statistik/informasi-kurs/jisdor/Default.aspx
IDN,9/5/2022 12:00:00 AM,14920.00,https://www.bi.go.id/en/statistik/informasi-kurs/jisdor/Default.aspx
IDN,9/2/2022 12:00:00 AM,14900.00,https://www.bi.go.id/en/statistik/informasi-kurs/jisdor/Default.aspx
IDN,9/1/2022 12:00:00 AM,14884.00,https://www.bi.go.id/en/statistik/informasi-kurs/jisdor/Default.aspx
IDN,8/31/2022 12:00:00 AM,14853.00,https://www.bi.go.id/en/statistik/informasi-kurs/jisdor/Default.aspx
IDN,8/30/2022 12:00:00 AM,14875.00,https://www.bi.go.id/en/statistik/informasi-kurs/jisdor/Default.aspx
IDN,8/29/2022 12:00:00 AM,14887.00,https://www.bi.go.id/en/statistik/informasi-kurs/jisdor/Default.aspx
IDN,8/26/2022 12:00:00 AM,14814.00,https://www.bi.go.id/en/statistik/informasi-kurs/jisdor/Default.aspx
IDN,8/25/2022 12:00:00 AM,14827.00,https://www.bi.go.id/en/statistik/informasi-kurs/jisdor/Default.aspx
IDN,8/24/2022 12:00:00 AM,14851.00,https://www.bi.go.id/en/statistik/informasi-kurs/jisdor/Default.aspx
IDN,8/23/2022 12:00:00 AM,14893.00,https://www.bi.go.id/en/statistik/informasi-kurs/jisdor/Default.aspx
IDN,8/22/2022 12:00:00 AM,14882.00,https://www.bi.go.id/en/statistik/informasi-kurs/jisdor/Default.aspx
IDN,8/19/2022 12:00:00 AM,14858.00,https://www.bi.go.id/en/statistik/informasi-kurs/jisdor/Default.aspx
IDN,8/18/2022 12:00:00 AM,14822.00,https://www.bi.go.id/en/statistik/informasi-kurs/jisdor/Default.aspx
IDN,8/16/2022 12:00:00 AM,14767.00,https://www.bi.go.id/en/statistik/informasi-kurs/jisdor/Default.aspx
IDN,8/15/2022 12:00:00 AM,14727.00,https://www.bi.go.id/en/statistik/informasi-kurs/jisdor/Default.aspx
IDN,8/12/2022 12:00:00 AM,14688.00,https://www.bi.go.id/en/statistik/informasi-kurs/jisdor/Default.aspx
IDN,8/11/2022 12:00:00 AM,14799.00,https://www.bi.go.id/en/statistik/informasi-kurs/jisdor/Default.aspx
IDN,8/10/2022 12:00:00 AM,14875.00,https://www.bi.go.id/en/statistik/informasi-kurs/jisdor/Default.aspx
IDN,8/9/2022 12:00:00 AM,14862.00,https://www.bi.go.id/en/statistik/informasi-kurs/jisdor/Default.aspx
IDN,8/8/2022 12:00:00 AM,14915.00,https://www.bi.go.id/en/statistik/informasi-kurs/jisdor/Default.aspx
IDN,8/5/2022 12:00:00 AM,14904.00,https://www.bi.go.id/en/statistik/informasi-kurs/jisdor/Default.aspx
IDN,8/4/2022 12:00:00 AM,14929.00,https://www.bi.go.id/en/statistik/informasi-kurs/jisdor/Default.aspx
IDN,8/3/2022 12:00:00 AM,14917.00,https://www.bi.go.id/en/statistik/informasi-kurs/jisdor/Default.aspx
IDN,8/2/2022 12:00:00 AM,14888.00,https://www.bi.go.id/en/statistik/informasi-kurs/jisdor/Default.aspx
IDN,8/1/2022 12:00:00 AM,14874.00,https://www.bi.go.id/en/statistik/informasi-kurs/jisdor/Default.aspx
IDN,7/29/2022 12:00:00 AM,14860.00,https://www.bi.go.id/en/statistik/informasi-kurs/jisdor/Default.aspx
IDN,7/28/2022 12:00:00 AM,14958.00,https://www.bi.go.id/en/statistik/informasi-kurs/jisdor/Default.aspx
IDN,7/27/2022 12:00:00 AM,15020.00,https://www.bi.go.id/en/statistik/informasi-kurs/jisdor/Default.aspx
IDN,7/26/2022 12:00:00 AM,14984.00,https://www.bi.go.id/en/statistik/informasi-kurs/jisdor/Default.aspx
IDN,7/25/2022 12:00:00 AM,14992.00,https://www.bi.go.id/en/statistik/informasi-kurs/jisdor/Default.aspx
IDN,7/22/2022 12:00:00 AM,15024.00,https://www.bi.go.id/en/statistik/informasi-kurs/jisdor/Default.aspx
IDN,7/21/2022 12:00:00 AM,15017.00,https://www.bi.go.id/en/statistik/informasi-kurs/jisdor/Default.aspx
IDN,7/20/2022 12:00:00 AM,14984.00,https://www.bi.go.id/en/statistik/informasi-kurs/jisdor/Default.aspx
IDN,7/19/2022 12:00:00 AM,14992.00,https://www.bi.go.id/en/statistik/informasi-kurs/jisdor/Default.aspx
IDN,7/18/2022 12:00:00 AM,14986.00,https://www.bi.go.id/en/statistik/informasi-kurs/jisdor/Default.aspx
IDN,7/15/2022 12:00:00 AM,14999.00,https://www.bi.go.id/en/statistik/informasi-kurs/jisdor/Default.aspx
IDN,7/14/2022 12:00:00 AM,14999.00,https://www.bi.go.id/en/statistik/informasi-kurs/jisdor/Default.aspx
IDN,7/13/2022 12:00:00 AM,14985.00,https://www.bi.go.id/en/statistik/informasi-kurs/jisdor/Default.aspx
IDN,7/12/2022 12:00:00 AM,14993.00,https://www.bi.go.id/en/statistik/informasi-kurs/jisdor/Default.aspx
IDN,7/11/2022 12:00:00 AM,14969.00,https://www.bi.go.id/en/statistik/informasi-kurs/jisdor/Default.aspx
IDN,7/8/2022 12:00:00 AM,14981.00,https://www.bi.go.id/en/statistik/informasi-kurs/jisdor/Default.aspx
IDN,7/7/2022 12:00:00 AM,14986.00,https://www.bi.go.id/en/statistik/informasi-kurs/jisdor/Default.aspx
IDN,7/6/2022 12:00:00 AM,15015.00,https://www.bi.go.id/en/statistik/informasi-kurs/jisdor/Default.aspx
IDN,7/5/2022 12:00:00 AM,14990.00,https://www.bi.go.id/en/statistik/informasi-kurs/jisdor/Default.aspx
IDN,7/4/2022 12:00:00 AM,14960.00,https://www.bi.go.id/en/statistik/informasi-kurs/jisdor/Default.aspx
IDN,7/1/2022 12:00:00 AM,14956.00,https://www.bi.go.id/en/statistik/informasi-kurs/jisdor/Default.aspx
IDN,6/30/2022 12:00:00 AM,14882.00,https://www.bi.go.id/en/statistik/informasi-kurs/jisdor/Default.aspx
IDN,6/29/2022 12:00:00 AM,14848.00,https://www.bi.go.id/en/statistik/informasi-kurs/jisdor/Default.aspx
IDN,6/28/2022 12:00:00 AM,14837.00,https://www.bi.go.id/en/statistik/informasi-kurs/jisdor/Default.aspx
IDN,6/27/2022 12:00:00 AM,14802.00,https://www.bi.go.id/en/statistik/informasi-kurs/jisdor/Default.aspx
IDN,6/24/2022 12:00:00 AM,14846.00,https://www.bi.go.id/en/statistik/informasi-kurs/jisdor/Default.aspx
IDN,6/23/2022 12:00:00 AM,14835.00,https://www.bi.go.id/en/statistik/informasi-kurs/jisdor/Default.aspx
IDN,6/22/2022 12:00:00 AM,14860.00,https://www.bi.go.id/en/statistik/informasi-kurs/jisdor/Default.aspx
IDN,6/21/2022 12:00:00 AM,14804.00,https://www.bi.go.id/en/statistik/informasi-kurs/jisdor/Default.aspx
IDN,6/20/2022 12:00:00 AM,14836.00,https://www.bi.go.id/en/statistik/informasi-kurs/jisdor/Default.aspx
IDN,6/17/2022 12:00:00 AM,14828.00,https://www.bi.go.id/en/statistik/informasi-kurs/jisdor/Default.aspx
IDN,6/16/2022 12:00:00 AM,14741.00,https://www.bi.go.id/en/statistik/informasi-kurs/jisdor/Default.aspx
IDN,6/15/2022 12:00:00 AM,14746.00,https://www.bi.go.id/en/statistik/informasi-kurs/jisdor/Default.aspx
IDN,6/14/2022 12:00:00 AM,14729.00,https://www.bi.go.id/en/statistik/informasi-kurs/jisdor/Default.aspx
IDN,6/13/2022 12:00:00 AM,14672.00,https://www.bi.go.id/en/statistik/informasi-kurs/jisdor/Default.aspx
IDN,6/10/2022 12:00:00 AM,14569.00,https://www.bi.go.id/en/statistik/informasi-kurs/jisdor/Default.aspx
IDN,6/9/2022 12:00:00 AM,14555.00,https://www.bi.go.id/en/statistik/informasi-kurs/jisdor/Default.aspx
IDN,6/8/2022 12:00:00 AM,14477.00,https://www.bi.go.id/en/statistik/informasi-kurs/jisdor/Default.aspx
IDN,6/7/2022 12:00:00 AM,14464.00,https://www.bi.go.id/en/statistik/informasi-kurs/jisdor/Default.aspx
IDN,6/6/2022 12:00:00 AM,14462.00,https://www.bi.go.id/en/statistik/informasi-kurs/jisdor/Default.aspx
IDN,6/3/2022 12:00:00 AM,14431.00,https://www.bi.go.id/en/statistik/informasi-kurs/jisdor/Default.aspx
IDN,6/2/2022 12:00:00 AM,14526.00,https://www.bi.go.id/en/statistik/informasi-kurs/jisdor/Default.aspx
IDN,5/31/2022 12:00:00 AM,14592.00,https://www.bi.go.id/en/statistik/informasi-kurs/jisdor/Default.aspx
IDN,5/30/2022 12:00:00 AM,14544.00,https://www.bi.go.id/en/statistik/informasi-kurs/jisdor/Default.aspx
IDN,5/27/2022 12:00:00 AM,14578.00,https://www.bi.go.id/en/statistik/informasi-kurs/jisdor/Default.aspx
IDN,5/25/2022 12:00:00 AM,14645.00,https://www.bi.go.id/en/statistik/informasi-kurs/jisdor/Default.aspx
IDN,5/24/2022 12:00:00 AM,14653.00,https://www.bi.go.id/en/statistik/informasi-kurs/jisdor/Default.aspx
IDN,5/23/2022 12:00:00 AM,14665.00,https://www.bi.go.id/en/statistik/informasi-kurs/jisdor/Default.aspx
IDN,5/20/2022 12:00:00 AM,14661.00,https://www.bi.go.id/en/statistik/informasi-kurs/jisdor/Default.aspx
IDN,5/19/2022 12:00:00 AM,14731.00,https://www.bi.go.id/en/statistik/informasi-kurs/jisdor/Default.aspx
IDN,5/18/2022 12:00:00 AM,14682.00,https://www.bi.go.id/en/statistik/informasi-kurs/jisdor/Default.aspx
IDN,5/17/2022 12:00:00 AM,14651.00,https://www.bi.go.id/en/statistik/informasi-kurs/jisdor/Default.aspx
IDN,5/13/2022 12:00:00 AM,14619.00,https://www.bi.go.id/en/statistik/informasi-kurs/jisdor/Default.aspx
IDN,5/12/2022 12:00:00 AM,14585.00,https://www.bi.go.id/en/statistik/informasi-kurs/jisdor/Default.aspx
IDN,5/11/2022 12:00:00 AM,14546.00,https://www.bi.go.id/en/statistik/informasi-kurs/jisdor/Default.aspx
IDN,5/10/2022 12:00:00 AM,14546.00,https://www.bi.go.id/en/statistik/informasi-kurs/jisdor/Default.aspx
IDN,5/9/2022 12:00:00 AM,14534.00,https://www.bi.go.id/en/statistik/informasi-kurs/jisdor/Default.aspx
IDN,4/28/2022 12:00:00 AM,14480.00,https://www.bi.go.id/en/statistik/informasi-kurs/jisdor/Default.aspx
IDN,4/27/2022 12:00:00 AM,14418.00,https://www.bi.go.id/en/statistik/informasi-kurs/jisdor/Default.aspx
IDN,4/26/2022 12:00:00 AM,14412.00,https://www.bi.go.id/en/statistik/informasi-kurs/jisdor/Default.aspx
IDN,4/25/2022 12:00:00 AM,14452.00,https://www.bi.go.id/en/statistik/informasi-kurs/jisdor/Default.aspx
IDN,4/22/2022 12:00:00 AM,14361.00,https://www.bi.go.id/en/statistik/informasi-kurs/jisdor/Default.aspx
IDN,4/21/2022 12:00:00 AM,14348.00,https://www.bi.go.id/en/statistik/informasi-kurs/jisdor/Default.aspx
IDN,4/20/2022 12:00:00 AM,14351.00,https://www.bi.go.id/en/statistik/informasi-kurs/jisdor/Default.aspx
IDN,4/19/2022 12:00:00 AM,14347.00,https://www.bi.go.id/en/statistik/informasi-kurs/jisdor/Default.aspx
IDN,4/18/2022 12:00:00 AM,14356.00,https://www.bi.go.id/en/statistik/informasi-kurs/jisdor/Default.aspx
IDN,4/14/2022 12:00:00 AM,14349.00,https://www.bi.go.id/en/statistik/informasi-kurs/jisdor/Default.aspx
IDN,4/13/2022 12:00:00 AM,14359.00,https://www.bi.go.id/en/statistik/informasi-kurs/jisdor/Default.aspx
IDN,4/12/2022 12:00:00 AM,14364.00,https://www.bi.go.id/en/statistik/informasi-kurs/jisdor/Default.aspx
IDN,4/11/2022 12:00:00 AM,14370.00,https://www.bi.go.id/en/statistik/informasi-kurs/jisdor/Default.aspx
IDN,4/8/2022 12:00:00 AM,14365.00,https://www.bi.go.id/en/statistik/informasi-kurs/jisdor/Default.aspx
IDN,4/7/2022 12:00:00 AM,14359.00,https://www.bi.go.id/en/statistik/informasi-kurs/jisdor/Default.aspx
IDN,4/6/2022 12:00:00 AM,14364.00,https://www.bi.go.id/en/statistik/informasi-kurs/jisdor/Default.aspx
IDN,4/5/2022 12:00:00 AM,14348.00,https://www.bi.go.id/en/statistik/informasi-kurs/jisdor/Default.aspx
IDN,4/4/2022 12:00:00 AM,14362.00,https://www.bi.go.id/en/statistik/informasi-kurs/jisdor/Default.aspx
IDN,4/1/2022 12:00:00 AM,14364.00,https://www.bi.go.id/en/statistik/informasi-kurs/jisdor/Default.aspx
IDN,3/31/2022 12:00:00 AM,14357.00,https://www.bi.go.id/en/statistik/informasi-kurs/jisdor/Default.aspx
IDN,3/30/2022 12:00:00 AM,14349.00,https://www.bi.go.id/en/statistik/informasi-kurs/jisdor/Default.aspx
IDN,3/29/2022 12:00:00 AM,14364.00,https://www.bi.go.id/en/statistik/informasi-kurs/jisdor/Default.aspx
IDN,3/28/2022 12:00:00 AM,14360.00,https://www.bi.go.id/en/statistik/informasi-kurs/jisdor/Default.aspx
IDN,3/25/2022 12:00:00 AM,14341.00,https://www.bi.go.id/en/statistik/informasi-kurs/jisdor/Default.aspx
IDN,3/24/2022 12:00:00 AM,14361.00,https://www.bi.go.id/en/statistik/informasi-kurs/jisdor/Default.aspx
IDN,3/23/2022 12:00:00 AM,14351.00,https://www.bi.go.id/en/statistik/informasi-kurs/jisdor/Default.aspx
IDN,3/22/2022 12:00:00 AM,14358.00,https://www.bi.go.id/en/statistik/informasi-kurs/jisdor/Default.aspx
IDN,3/21/2022 12:00:00 AM,14341.00,https://www.bi.go.id/en/statistik/informasi-kurs/jisdor/Default.aspx
IDN,3/18/2022 12:00:00 AM,14340.00,https://www.bi.go.id/en/statistik/informasi-kurs/jisdor/Default.aspx
IDN,3/17/2022 12:00:00 AM,14290.00,https://www.bi.go.id/en/statistik/informasi-kurs/jisdor/Default.aspx
IDN,3/16/2022 12:00:00 AM,14311.00,https://www.bi.go.id/en/statistik/informasi-kurs/jisdor/Default.aspx
IDN,3/15/2022 12:00:00 AM,14321.00,https://www.bi.go.id/en/statistik/informasi-kurs/jisdor/Default.aspx
IDN,3/14/2022 12:00:00 AM,14328.00,https://www.bi.go.id/en/statistik/informasi-kurs/jisdor/Default.aspx
IDN,3/11/2022 12:00:00 AM,14306.00,https://www.bi.go.id/en/statistik/informasi-kurs/jisdor/Default.aspx
IDN,3/10/2022 12:00:00 AM,14298.00,https://www.bi.go.id/en/statistik/informasi-kurs/jisdor/Default.aspx
IDN,3/9/2022 12:00:00 AM,14371.00,https://www.bi.go.id/en/statistik/informasi-kurs/jisdor/Default.aspx
IDN,3/8/2022 12:00:00 AM,14394.00,https://www.bi.go.id/en/statistik/informasi-kurs/jisdor/Default.aspx
IDN,3/7/2022 12:00:00 AM,14411.00,https://www.bi.go.id/en/statistik/informasi-kurs/jisdor/Default.aspx
IDN,3/4/2022 12:00:00 AM,14383.00,https://www.bi.go.id/en/statistik/informasi-kurs/jisdor/Default.aspx
IDN,3/2/2022 12:00:00 AM,14373.00,https://www.bi.go.id/en/statistik/informasi-kurs/jisdor/Default.aspx
IDN,3/1/2022 12:00:00 AM,14350.00,https://www.bi.go.id/en/statistik/informasi-kurs/jisdor/Default.aspx
IDN,2/25/2022 12:00:00 AM,14369.00,https://www.bi.go.id/en/statistik/informasi-kurs/jisdor/Default.aspx
IDN,2/24/2022 12:00:00 AM,14371.00,https://www.bi.go.id/en/statistik/informasi-kurs/jisdor/Default.aspx
IDN,2/23/2022 12:00:00 AM,14355.00,https://www.bi.go.id/en/statistik/informasi-kurs/jisdor/Default.aspx
IDN,2/22/2022 12:00:00 AM,14362.00,https://www.bi.go.id/en/statistik/informasi-kurs/jisdor/Default.aspx
IDN,2/21/2022 12:00:00 AM,14329.00,https://www.bi.go.id/en/statistik/informasi-kurs/jisdor/Default.aspx
IDN,2/18/2022 12:00:00 AM,14339.00,https://www.bi.go.id/en/statistik/informasi-kurs/jisdor/Default.aspx
IDN,2/17/2022 12:00:00 AM,14301.00,https://www.bi.go.id/en/statistik/informasi-kurs/jisdor/Default.aspx
IDN,2/16/2022 12:00:00 AM,14278.00,https://www.bi.go.id/en/statistik/informasi-kurs/jisdor/Default.aspx
IDN,2/15/2022 12:00:00 AM,14292.00,https://www.bi.go.id/en/statistik/informasi-kurs/jisdor/Default.aspx
IDN,2/14/2022 12:00:00 AM,14338.00,https://www.bi.go.id/en/statistik/informasi-kurs/jisdor/Default.aspx
IDN,2/11/2022 12:00:00 AM,14359.00,https://www.bi.go.id/en/statistik/informasi-kurs/jisdor/Default.aspx
IDN,2/10/2022 12:00:00 AM,14344.00,https://www.bi.go.id/en/statistik/informasi-kurs/jisdor/Default.aspx
IDN,2/9/2022 12:00:00 AM,14366.00,https://www.bi.go.id/en/statistik/informasi-kurs/jisdor/Default.aspx
IDN,2/8/2022 12:00:00 AM,14385.00,https://www.bi.go.id/en/statistik/informasi-kurs/jisdor/Default.aspx
IDN,2/7/2022 12:00:00 AM,14404.00,https://www.bi.go.id/en/statistik/informasi-kurs/jisdor/Default.aspx
IDN,2/4/2022 12:00:00 AM,14376.00,https://www.bi.go.id/en/statistik/informasi-kurs/jisdor/Default.aspx
IDN,2/3/2022 12:00:00 AM,14381.00,https://www.bi.go.id/en/statistik/informasi-kurs/jisdor/Default.aspx
IDN,2/2/2022 12:00:00 AM,14347.00,https://www.bi.go.id/en/statistik/informasi-kurs/jisdor/Default.aspx
IDN,1/31/2022 12:00:00 AM,14392.00,https://www.bi.go.id/en/statistik/informasi-kurs/jisdor/Default.aspx
IDN,1/28/2022 12:00:00 AM,14381.00,https://www.bi.go.id/en/statistik/informasi-kurs/jisdor/Default.aspx
IDN,1/27/2022 12:00:00 AM,14385.00,https://www.bi.go.id/en/statistik/informasi-kurs/jisdor/Default.aspx
IDN,1/26/2022 12:00:00 AM,14346.00,https://www.bi.go.id/en/statistik/informasi-kurs/jisdor/Default.aspx
IDN,1/25/2022 12:00:00 AM,14358.00,https://www.bi.go.id/en/statistik/informasi-kurs/jisdor/Default.aspx
IDN,1/24/2022 12:00:00 AM,14327.00,https://www.bi.go.id/en/statistik/informasi-kurs/jisdor/Default.aspx
IDN,1/21/2022 12:00:00 AM,14347.00,https://www.bi.go.id/en/statistik/informasi-kurs/jisdor/Default.aspx
IDN,1/20/2022 12:00:00 AM,14354.00,https://www.bi.go.id/en/statistik/informasi-kurs/jisdor/Default.aspx
IDN,1/19/2022 12:00:00 AM,14370.00,https://www.bi.go.id/en/statistik/informasi-kurs/jisdor/Default.aspx
IDN,1/18/2022 12:00:00 AM,14325.00,https://www.bi.go.id/en/statistik/informasi-kurs/jisdor/Default.aspx
IDN,1/17/2022 12:00:00 AM,14323.00,https://www.bi.go.id/en/statistik/informasi-kurs/jisdor/Default.aspx
IDN,1/14/2022 12:00:00 AM,14310.00,https://www.bi.go.id/en/statistik/informasi-kurs/jisdor/Default.aspx
IDN,1/13/2022 12:00:00 AM,14311.00,https://www.bi.go.id/en/statistik/informasi-kurs/jisdor/Default.aspx
IDN,1/12/2022 12:00:00 AM,14302.00,https://www.bi.go.id/en/statistik/informasi-kurs/jisdor/Default.aspx
IDN,1/11/2022 12:00:00 AM,14299.00,https://www.bi.go.id/en/statistik/informasi-kurs/jisdor/Default.aspx
IDN,1/10/2022 12:00:00 AM,14323.00,https://www.bi.go.id/en/statistik/informasi-kurs/jisdor/Default.aspx
IDN,1/7/2022 12:00:00 AM,14360.00,https://www.bi.go.id/en/statistik/informasi-kurs/jisdor/Default.aspx
IDN,1/6/2022 12:00:00 AM,14396.00,https://www.bi.go.id/en/statistik/informasi-kurs/jisdor/Default.aspx
IDN,1/5/2022 12:00:00 AM,14365.00,https://www.bi.go.id/en/statistik/informasi-kurs/jisdor/Default.aspx
IDN,1/4/2022 12:00:00 AM,14310.00,https://www.bi.go.id/en/statistik/informasi-kurs/jisdor/Default.aspx
IDN,1/3/2022 12:00:00 AM,14270.00,https://www.bi.go.id/en/statistik/informasi-kurs/jisdor/Default.aspx
FJI,4/01/2022,0.4699,https://www.rbf.gov.fj/wp-content/uploads/2023/03/8.8-Exchange-Rates-Daily-9.xlsx
FJI,5/01/2022,0.4712,https://www.rbf.gov.fj/wp-content/uploads/2023/03/8.8-Exchange-Rates-Daily-9.xlsx
FJI,6/01/2022,0.4706,https://www.rbf.gov.fj/wp-content/uploads/2023/03/8.8-Exchange-Rates-Daily-9.xlsx
FJI,7/01/2022,0.4686,https://www.rbf.gov.fj/wp-content/uploads/2023/03/8.8-Exchange-Rates-Daily-9.xlsx
FJI,10/01/2022,0.4695,https://www.rbf.gov.fj/wp-content/uploads/2023/03/8.8-Exchange-Rates-Daily-9.xlsx
FJI,11/01/2022,0.4693,https://www.rbf.gov.fj/wp-content/uploads/2023/03/8.8-Exchange-Rates-Daily-9.xlsx
FJI,12/01/2022,0.4705,https://www.rbf.gov.fj/wp-content/uploads/2023/03/8.8-Exchange-Rates-Daily-9.xlsx
FJI,13/01/2022,0.4733,https://www.rbf.gov.fj/wp-content/uploads/2023/03/8.8-Exchange-Rates-Daily-9.xlsx
FJI,14/01/2022,0.4736,https://www.rbf.gov.fj/wp-content/uploads/2023/03/8.8-Exchange-Rates-Daily-9.xlsx
FJI,17/01/2022,0.4710,https://www.rbf.gov.fj/wp-content/uploads/2023/03/8.8-Exchange-Rates-Daily-9.xlsx
FJI,18/01/2022,0.4709,https://www.rbf.gov.fj/wp-content/uploads/2023/03/8.8-Exchange-Rates-Daily-9.xlsx
FJI,19/01/2022,0.4697,https://www.rbf.gov.fj/wp-content/uploads/2023/03/8.8-Exchange-Rates-Daily-9.xlsx
FJI,20/01/2022,0.4711,https://www.rbf.gov.fj/wp-content/uploads/2023/03/8.8-Exchange-Rates-Daily-9.xlsx
FJI,21/01/2022,0.4707,https://www.rbf.gov.fj/wp-content/uploads/2023/03/8.8-Exchange-Rates-Daily-9.xlsx
FJI,24/01/2022,0.4689,https://www.rbf.gov.fj/wp-content/uploads/2023/03/8.8-Exchange-Rates-Daily-9.xlsx
FJI,25/01/2022,0.4677,https://www.rbf.gov.fj/wp-content/uploads/2023/03/8.8-Exchange-Rates-Daily-9.xlsx
FJI,26/01/2022,0.4680,https://www.rbf.gov.fj/wp-content/uploads/2023/03/8.8-Exchange-Rates-Daily-9.xlsx
FJI,27/01/2022,0.4663,https://www.rbf.gov.fj/wp-content/uploads/2023/03/8.8-Exchange-Rates-Daily-9.xlsx
FJI,28/01/2022,0.4632,https://www.rbf.gov.fj/wp-content/uploads/2023/03/8.8-Exchange-Rates-Daily-9.xlsx
FJI,31/01/2022,0.4620,https://www.rbf.gov.fj/wp-content/uploads/2023/03/8.8-Exchange-Rates-Daily-9.xlsx
FJI,1/02/2022,0.4642,https://www.rbf.gov.fj/wp-content/uploads/2023/03/8.8-Exchange-Rates-Daily-9.xlsx
FJI,2/02/2022,0.4664,https://www.rbf.gov.fj/wp-content/uploads/2023/03/8.8-Exchange-Rates-Daily-9.xlsx
FJI,3/02/2022,0.4669,https://www.rbf.gov.fj/wp-content/uploads/2023/03/8.8-Exchange-Rates-Daily-9.xlsx
FJI,4/02/2022,0.4672,https://www.rbf.gov.fj/wp-content/uploads/2023/03/8.8-Exchange-Rates-Daily-9.xlsx
FJI,7/02/2022,0.4653,https://www.rbf.gov.fj/wp-content/uploads/2023/03/8.8-Exchange-Rates-Daily-9.xlsx
FJI,8/02/2022,0.4665,https://www.rbf.gov.fj/wp-content/uploads/2023/03/8.8-Exchange-Rates-Daily-9.xlsx
FJI,9/02/2022,0.4670,https://www.rbf.gov.fj/wp-content/uploads/2023/03/8.8-Exchange-Rates-Daily-9.xlsx
FJI,10/02/2022,0.4684,https://www.rbf.gov.fj/wp-content/uploads/2023/03/8.8-Exchange-Rates-Daily-9.xlsx
FJI,11/02/2022,0.4681,https://www.rbf.gov.fj/wp-content/uploads/2023/03/8.8-Exchange-Rates-Daily-9.xlsx
FJI,14/02/2022,0.4666,https://www.rbf.gov.fj/wp-content/uploads/2023/03/8.8-Exchange-Rates-Daily-9.xlsx
FJI,15/02/2022,0.4659,https://www.rbf.gov.fj/wp-content/uploads/2023/03/8.8-Exchange-Rates-Daily-9.xlsx
FJI,16/02/2022,0.4669,https://www.rbf.gov.fj/wp-content/uploads/2023/03/8.8-Exchange-Rates-Daily-9.xlsx
FJI,17/02/2022,0.4687,https://www.rbf.gov.fj/wp-content/uploads/2023/03/8.8-Exchange-Rates-Daily-9.xlsx
FJI,18/02/2022,0.4686,https://www.rbf.gov.fj/wp-content/uploads/2023/03/8.8-Exchange-Rates-Daily-9.xlsx
FJI,21/02/2022,0.4681,https://www.rbf.gov.fj/wp-content/uploads/2023/03/8.8-Exchange-Rates-Daily-9.xlsx
FJI,22/02/2022,0.4687,https://www.rbf.gov.fj/wp-content/uploads/2023/03/8.8-Exchange-Rates-Daily-9.xlsx
FJI,23/02/2022,0.4700,https://www.rbf.gov.fj/wp-content/uploads/2023/03/8.8-Exchange-Rates-Daily-9.xlsx
FJI,24/02/2022,0.4707,https://www.rbf.gov.fj/wp-content/uploads/2023/03/8.8-Exchange-Rates-Daily-9.xlsx
FJI,25/02/2022,0.4679,https://www.rbf.gov.fj/wp-content/uploads/2023/03/8.8-Exchange-Rates-Daily-9.xlsx
FJI,28/02/2022,0.4672,https://www.rbf.gov.fj/wp-content/uploads/2023/03/8.8-Exchange-Rates-Daily-9.xlsx
FJI,1/03/2022,0.4708,https://www.rbf.gov.fj/wp-content/uploads/2023/03/8.8-Exchange-Rates-Daily-9.xlsx
FJI,2/03/2022,0.4703,https://www.rbf.gov.fj/wp-content/uploads/2023/03/8.8-Exchange-Rates-Daily-9.xlsx
FJI,3/03/2022,0.4719,https://www.rbf.gov.fj/wp-content/uploads/2023/03/8.8-Exchange-Rates-Daily-9.xlsx
FJI,4/03/2022,0.4724,https://www.rbf.gov.fj/wp-content/uploads/2023/03/8.8-Exchange-Rates-Daily-9.xlsx
FJI,7/03/2022,0.4740,https://www.rbf.gov.fj/wp-content/uploads/2023/03/8.8-Exchange-Rates-Daily-9.xlsx
FJI,8/03/2022,0.4725,https://www.rbf.gov.fj/wp-content/uploads/2023/03/8.8-Exchange-Rates-Daily-9.xlsx
FJI,9/03/2022,0.4712,https://www.rbf.gov.fj/wp-content/uploads/2023/03/8.8-Exchange-Rates-Daily-9.xlsx
FJI,10/03/2022,0.4733,https://www.rbf.gov.fj/wp-content/uploads/2023/03/8.8-Exchange-Rates-Daily-9.xlsx
FJI,11/03/2022,0.4741,https://www.rbf.gov.fj/wp-content/uploads/2023/03/8.8-Exchange-Rates-Daily-9.xlsx
FJI,14/03/2022,0.4715,https://www.rbf.gov.fj/wp-content/uploads/2023/03/8.8-Exchange-Rates-Daily-9.xlsx
FJI,15/03/2022,0.4686,https://www.rbf.gov.fj/wp-content/uploads/2023/03/8.8-Exchange-Rates-Daily-9.xlsx
FJI,16/03/2022,0.4686,https://www.rbf.gov.fj/wp-content/uploads/2023/03/8.8-Exchange-Rates-Daily-9.xlsx
FJI,17/03/2022,0.4718,https://www.rbf.gov.fj/wp-content/uploads/2023/03/8.8-Exchange-Rates-Daily-9.xlsx
FJI,18/03/2022,0.4744,https://www.rbf.gov.fj/wp-content/uploads/2023/03/8.8-Exchange-Rates-Daily-9.xlsx
FJI,21/03/2022,0.4748,https://www.rbf.gov.fj/wp-content/uploads/2023/03/8.8-Exchange-Rates-Daily-9.xlsx
FJI,22/03/2022,0.4746,https://www.rbf.gov.fj/wp-content/uploads/2023/03/8.8-Exchange-Rates-Daily-9.xlsx
FJI,23/03/2022,0.4769,https://www.rbf.gov.fj/wp-content/uploads/2023/03/8.8-Exchange-Rates-Daily-9.xlsx
FJI,24/03/2022,0.4778,https://www.rbf.gov.fj/wp-content/uploads/2023/03/8.8-Exchange-Rates-Daily-9.xlsx
FJI,25/03/2022,0.4775,https://www.rbf.gov.fj/wp-content/uploads/2023/03/8.8-Exchange-Rates-Daily-9.xlsx
FJI,28/03/2022,0.4772,https://www.rbf.gov.fj/wp-content/uploads/2023/03/8.8-Exchange-Rates-Daily-9.xlsx
FJI,29/03/2022,0.4758,https://www.rbf.gov.fj/wp-content/uploads/2023/03/8.8-Exchange-Rates-Daily-9.xlsx
FJI,30/03/2022,0.4771,https://www.rbf.gov.fj/wp-content/uploads/2023/03/8.8-Exchange-Rates-Daily-9.xlsx
FJI,31/03/2022,0.4781,https://www.rbf.gov.fj/wp-content/uploads/2023/03/8.8-Exchange-Rates-Daily-9.xlsx
FJI,1/04/2022,0.4768,https://www.rbf.gov.fj/wp-content/uploads/2023/03/8.8-Exchange-Rates-Daily-9.xlsx
FJI,4/04/2022,0.4766,https://www.rbf.gov.fj/wp-content/uploads/2023/03/8.8-Exchange-Rates-Daily-9.xlsx
FJI,5/04/2022,0.4779,https://www.rbf.gov.fj/wp-content/uploads/2023/03/8.8-Exchange-Rates-Daily-9.xlsx
FJI,6/04/2022,0.4782,https://www.rbf.gov.fj/wp-content/uploads/2023/03/8.8-Exchange-Rates-Daily-9.xlsx
FJI,7/04/2022,0.4764,https://www.rbf.gov.fj/wp-content/uploads/2023/03/8.8-Exchange-Rates-Daily-9.xlsx
FJI,8/04/2022,0.4753,https://www.rbf.gov.fj/wp-content/uploads/2023/03/8.8-Exchange-Rates-Daily-9.xlsx
FJI,11/04/2022,0.4741,https://www.rbf.gov.fj/wp-content/uploads/2023/03/8.8-Exchange-Rates-Daily-9.xlsx
FJI,12/04/2022,0.4727,https://www.rbf.gov.fj/wp-content/uploads/2023/03/8.8-Exchange-Rates-Daily-9.xlsx
FJI,13/04/2022,0.4739,https://www.rbf.gov.fj/wp-content/uploads/2023/03/8.8-Exchange-Rates-Daily-9.xlsx
FJI,14/04/2022,0.4729,https://www.rbf.gov.fj/wp-content/uploads/2023/03/8.8-Exchange-Rates-Daily-9.xlsx
FJI,19/04/2022,0.4696,https://www.rbf.gov.fj/wp-content/uploads/2023/03/8.8-Exchange-Rates-Daily-9.xlsx
FJI,20/04/2022,0.4699,https://www.rbf.gov.fj/wp-content/uploads/2023/03/8.8-Exchange-Rates-Daily-9.xlsx
FJI,21/04/2022,0.4727,https://www.rbf.gov.fj/wp-content/uploads/2023/03/8.8-Exchange-Rates-Daily-9.xlsx
FJI,22/04/2022,0.4700,https://www.rbf.gov.fj/wp-content/uploads/2023/03/8.8-Exchange-Rates-Daily-9.xlsx
FJI,25/04/2022,0.4659,https://www.rbf.gov.fj/wp-content/uploads/2023/03/8.8-Exchange-Rates-Daily-9.xlsx
FJI,26/04/2022,0.4641,https://www.rbf.gov.fj/wp-content/uploads/2023/03/8.8-Exchange-Rates-Daily-9.xlsx
FJI,27/04/2022,0.4622,https://www.rbf.gov.fj/wp-content/uploads/2023/03/8.8-Exchange-Rates-Daily-9.xlsx
FJI,28/04/2022,0.4614,https://www.rbf.gov.fj/wp-content/uploads/2023/03/8.8-Exchange-Rates-Daily-9.xlsx
FJI,29/04/2022,0.4597,https://www.rbf.gov.fj/wp-content/uploads/2023/03/8.8-Exchange-Rates-Daily-9.xlsx
FJI,2/05/2022,0.4591,https://www.rbf.gov.fj/wp-content/uploads/2023/03/8.8-Exchange-Rates-Daily-9.xlsx
FJI,3/05/2022,0.4580,https://www.rbf.gov.fj/wp-content/uploads/2023/03/8.8-Exchange-Rates-Daily-9.xlsx
FJI,4/05/2022,0.4589,https://www.rbf.gov.fj/wp-content/uploads/2023/03/8.8-Exchange-Rates-Daily-9.xlsx
FJI,5/05/2022,0.4642,https://www.rbf.gov.fj/wp-content/uploads/2023/03/8.8-Exchange-Rates-Daily-9.xlsx
FJI,6/05/2022,0.4591,https://www.rbf.gov.fj/wp-content/uploads/2023/03/8.8-Exchange-Rates-Daily-9.xlsx
FJI,9/05/2022,0.4579,https://www.rbf.gov.fj/wp-content/uploads/2023/03/8.8-Exchange-Rates-Daily-9.xlsx
FJI,10/05/2022,0.4543,https://www.rbf.gov.fj/wp-content/uploads/2023/03/8.8-Exchange-Rates-Daily-9.xlsx
FJI,11/05/2022,0.4535,https://www.rbf.gov.fj/wp-content/uploads/2023/03/8.8-Exchange-Rates-Daily-9.xlsx
FJI,12/05/2022,0.4533,https://www.rbf.gov.fj/wp-content/uploads/2023/03/8.8-Exchange-Rates-Daily-9.xlsx
FJI,13/05/2022,0.4509,https://www.rbf.gov.fj/wp-content/uploads/2023/03/8.8-Exchange-Rates-Daily-9.xlsx
FJI,16/05/2022,0.4529,https://www.rbf.gov.fj/wp-content/uploads/2023/03/8.8-Exchange-Rates-Daily-9.xlsx
FJI,17/05/2022,0.4542,https://www.rbf.gov.fj/wp-content/uploads/2023/03/8.8-Exchange-Rates-Daily-9.xlsx
FJI,18/05/2022,0.4562,https://www.rbf.gov.fj/wp-content/uploads/2023/03/8.8-Exchange-Rates-Daily-9.xlsx
FJI,19/05/2022,0.4539,https://www.rbf.gov.fj/wp-content/uploads/2023/03/8.8-Exchange-Rates-Daily-9.xlsx
FJI,20/05/2022,0.4576,https://www.rbf.gov.fj/wp-content/uploads/2023/03/8.8-Exchange-Rates-Daily-9.xlsx
FJI,23/05/2022,0.4579,https://www.rbf.gov.fj/wp-content/uploads/2023/03/8.8-Exchange-Rates-Daily-9.xlsx
FJI,24/05/2022,0.4601,https://www.rbf.gov.fj/wp-content/uploads/2023/03/8.8-Exchange-Rates-Daily-9.xlsx
FJI,25/05/2022,0.4603,https://www.rbf.gov.fj/wp-content/uploads/2023/03/8.8-Exchange-Rates-Daily-9.xlsx
FJI,26/05/2022,0.4600,https://www.rbf.gov.fj/wp-content/uploads/2023/03/8.8-Exchange-Rates-Daily-9.xlsx
FJI,27/05/2022,0.4603,https://www.rbf.gov.fj/wp-content/uploads/2023/03/8.8-Exchange-Rates-Daily-9.xlsx
FJI,30/05/2022,0.4626,https://www.rbf.gov.fj/wp-content/uploads/2023/03/8.8-Exchange-Rates-Daily-9.xlsx
FJI,31/05/2022,0.4637,https://www.rbf.gov.fj/wp-content/uploads/2023/03/8.8-Exchange-Rates-Daily-9.xlsx
FJI,1/06/2022,0.4624,https://www.rbf.gov.fj/wp-content/uploads/2023/03/8.8-Exchange-Rates-Daily-9.xlsx
FJI,2/06/2022,0.4616,https://www.rbf.gov.fj/wp-content/uploads/2023/03/8.8-Exchange-Rates-Daily-9.xlsx
FJI,3/06/2022,0.4646,https://www.rbf.gov.fj/wp-content/uploads/2023/03/8.8-Exchange-Rates-Daily-9.xlsx
FJI,6/05/2022,0.4627,https://www.rbf.gov.fj/wp-content/uploads/2023/03/8.8-Exchange-Rates-Daily-9.xlsx
FJI,7/05/2022,0.4618,https://www.rbf.gov.fj/wp-content/uploads/2023/03/8.8-Exchange-Rates-Daily-9.xlsx
FJI,8/06/2022,0.4624,https://www.rbf.gov.fj/wp-content/uploads/2023/03/8.8-Exchange-Rates-Daily-9.xlsx
FJI,9/06/2022,0.4608,https://www.rbf.gov.fj/wp-content/uploads/2023/03/8.8-Exchange-Rates-Daily-9.xlsx
FJI,10/06/2022,0.4577,https://www.rbf.gov.fj/wp-content/uploads/2023/03/8.8-Exchange-Rates-Daily-9.xlsx
FJI,13/06/2022,0.4558,https://www.rbf.gov.fj/wp-content/uploads/2023/03/8.8-Exchange-Rates-Daily-9.xlsx
FJI,14/06/2022,0.4518,https://www.rbf.gov.fj/wp-content/uploads/2023/03/8.8-Exchange-Rates-Daily-9.xlsx
FJI,15/06/2022,0.4499,https://www.rbf.gov.fj/wp-content/uploads/2023/03/8.8-Exchange-Rates-Daily-9.xlsx
FJI,16/06/2022,0.4541,https://www.rbf.gov.fj/wp-content/uploads/2023/03/8.8-Exchange-Rates-Daily-9.xlsx
FJI,17/06/2022,0.4565,https://www.rbf.gov.fj/wp-content/uploads/2023/03/8.8-Exchange-Rates-Daily-9.xlsx
FJI,20/06/2022,0.4526,https://www.rbf.gov.fj/wp-content/uploads/2023/03/8.8-Exchange-Rates-Daily-9.xlsx
FJI,21/06/2022,0.4537,https://www.rbf.gov.fj/wp-content/uploads/2023/03/8.8-Exchange-Rates-Daily-9.xlsx
FJI,22/06/2022,0.4539,https://www.rbf.gov.fj/wp-content/uploads/2023/03/8.8-Exchange-Rates-Daily-9.xlsx
FJI,23/06/2022,0.4539,https://www.rbf.gov.fj/wp-content/uploads/2023/03/8.8-Exchange-Rates-Daily-9.xlsx
FJI,24/06/2022,0.4519,https://www.rbf.gov.fj/wp-content/uploads/2023/03/8.8-Exchange-Rates-Daily-9.xlsx
FJI,27/06/2022,0.4533,https://www.rbf.gov.fj/wp-content/uploads/2023/03/8.8-Exchange-Rates-Daily-9.xlsx
FJI,28/06/2022,0.4526,https://www.rbf.gov.fj/wp-content/uploads/2023/03/8.8-Exchange-Rates-Daily-9.xlsx
FJI,29/06/2022,0.4513,https://www.rbf.gov.fj/wp-content/uploads/2023/03/8.8-Exchange-Rates-Daily-9.xlsx
FJI,30/06/2022,0.4503,https://www.rbf.gov.fj/wp-content/uploads/2023/03/8.8-Exchange-Rates-Daily-9.xlsx
FJI,1/07/2022,0.4512,https://www.rbf.gov.fj/wp-content/uploads/2023/03/8.8-Exchange-Rates-Daily-9.xlsx
FJI,4/07/2022,0.4485,https://www.rbf.gov.fj/wp-content/uploads/2023/03/8.8-Exchange-Rates-Daily-9.xlsx
FJI,5/07/2022,0.4499,https://www.rbf.gov.fj/wp-content/uploads/2023/03/8.8-Exchange-Rates-Daily-9.xlsx
FJI,6/07/2022,0.4475,https://www.rbf.gov.fj/wp-content/uploads/2023/03/8.8-Exchange-Rates-Daily-9.xlsx
FJI,7/07/2022,0.4467,https://www.rbf.gov.fj/wp-content/uploads/2023/03/8.8-Exchange-Rates-Daily-9.xlsx
FJI,8/07/2022,0.4482,https://www.rbf.gov.fj/wp-content/uploads/2023/03/8.8-Exchange-Rates-Daily-9.xlsx
FJI,11/07/2022,0.4486,https://www.rbf.gov.fj/wp-content/uploads/2023/03/8.8-Exchange-Rates-Daily-9.xlsx
FJI,12/07/2022,0.4449,https://www.rbf.gov.fj/wp-content/uploads/2023/03/8.8-Exchange-Rates-Daily-9.xlsx
FJI,13/07/2022,0.4456,https://www.rbf.gov.fj/wp-content/uploads/2023/03/8.8-Exchange-Rates-Daily-9.xlsx
FJI,14/07/2022,0.4455,https://www.rbf.gov.fj/wp-content/uploads/2023/03/8.8-Exchange-Rates-Daily-9.xlsx
FJI,15/07/2022,0.4450,https://www.rbf.gov.fj/wp-content/uploads/2023/03/8.8-Exchange-Rates-Daily-9.xlsx
FJI,18/07/2022,0.4466,https://www.rbf.gov.fj/wp-content/uploads/2023/03/8.8-Exchange-Rates-Daily-9.xlsx
FJI,19/07/2022,0.4470,https://www.rbf.gov.fj/wp-content/uploads/2023/03/8.8-Exchange-Rates-Daily-9.xlsx
FJI,20/07/2022,0.4501,https://www.rbf.gov.fj/wp-content/uploads/2023/03/8.8-Exchange-Rates-Daily-9.xlsx
FJI,21/07/2022,0.4498,https://www.rbf.gov.fj/wp-content/uploads/2023/03/8.8-Exchange-Rates-Daily-9.xlsx
FJI,22/07/2022,0.4510,https://www.rbf.gov.fj/wp-content/uploads/2023/03/8.8-Exchange-Rates-Daily-9.xlsx
FJI,25/07/2022,0.4513,https://www.rbf.gov.fj/wp-content/uploads/2023/03/8.8-Exchange-Rates-Daily-9.xlsx
FJI,26/07/2022,0.4520,https://www.rbf.gov.fj/wp-content/uploads/2023/03/8.8-Exchange-Rates-Daily-9.xlsx
FJI,27/07/2022,0.4509,https://www.rbf.gov.fj/wp-content/uploads/2023/03/8.8-Exchange-Rates-Daily-9.xlsx
FJI,28/07/2022,0.4527,https://www.rbf.gov.fj/wp-content/uploads/2023/03/8.8-Exchange-Rates-Daily-9.xlsx
FJI,29/07/2022,0.4534,https://www.rbf.gov.fj/wp-content/uploads/2023/03/8.8-Exchange-Rates-Daily-9.xlsx
FJI,1/08/2022,0.4532,https://www.rbf.gov.fj/wp-content/uploads/2023/03/8.8-Exchange-Rates-Daily-9.xlsx
FJI,2/08/2022,0.4552,https://www.rbf.gov.fj/wp-content/uploads/2023/03/8.8-Exchange-Rates-Daily-9.xlsx
FJI,3/08/2022,0.4515,https://www.rbf.gov.fj/wp-content/uploads/2023/03/8.8-Exchange-Rates-Daily-9.xlsx
FJI,4/08/2022,0.4523,https://www.rbf.gov.fj/wp-content/uploads/2023/03/8.8-Exchange-Rates-Daily-9.xlsx
FJI,5/08/2022,0.4533,https://www.rbf.gov.fj/wp-content/uploads/2023/03/8.8-Exchange-Rates-Daily-9.xlsx
FJI,8/08/2022,0.4509,https://www.rbf.gov.fj/wp-content/uploads/2023/03/8.8-Exchange-Rates-Daily-9.xlsx
FJI,9/08/2022,0.4531,https://www.rbf.gov.fj/wp-content/uploads/2023/03/8.8-Exchange-Rates-Daily-9.xlsx
FJI,10/08/2022,0.4527,https://www.rbf.gov.fj/wp-content/uploads/2023/03/8.8-Exchange-Rates-Daily-9.xlsx
FJI,11/08/2022,0.4573,https://www.rbf.gov.fj/wp-content/uploads/2023/03/8.8-Exchange-Rates-Daily-9.xlsx
FJI,12/08/2022,0.4583,https://www.rbf.gov.fj/wp-content/uploads/2023/03/8.8-Exchange-Rates-Daily-9.xlsx
FJI,15/08/2022,0.4587,https://www.rbf.gov.fj/wp-content/uploads/2023/03/8.8-Exchange-Rates-Daily-9.xlsx
FJI,16/08/2022,0.4552,https://www.rbf.gov.fj/wp-content/uploads/2023/03/8.8-Exchange-Rates-Daily-9.xlsx
FJI,17/08/2022,0.4549,https://www.rbf.gov.fj/wp-content/uploads/2023/03/8.8-Exchange-Rates-Daily-9.xlsx
FJI,18/08/2022,0.4519,https://www.rbf.gov.fj/wp-content/uploads/2023/03/8.8-Exchange-Rates-Daily-9.xlsx
FJI,19/08/2022,0.4510,https://www.rbf.gov.fj/wp-content/uploads/2023/03/8.8-Exchange-Rates-Daily-9.xlsx
FJI,22/08/2022,0.4486,https://www.rbf.gov.fj/wp-content/uploads/2023/03/8.8-Exchange-Rates-Daily-9.xlsx
FJI,23/08/2022,0.4484,https://www.rbf.gov.fj/wp-content/uploads/2023/03/8.8-Exchange-Rates-Daily-9.xlsx
FJI,24/08/2022,0.4503,https://www.rbf.gov.fj/wp-content/uploads/2023/03/8.8-Exchange-Rates-Daily-9.xlsx
FJI,25/08/2022,0.4494,https://www.rbf.gov.fj/wp-content/uploads/2023/03/8.8-Exchange-Rates-Daily-9.xlsx
FJI,26/08/2022,0.4494,https://www.rbf.gov.fj/wp-content/uploads/2023/03/8.8-Exchange-Rates-Daily-9.xlsx
FJI,29/08/2022,0.4479,https://www.rbf.gov.fj/wp-content/uploads/2023/03/8.8-Exchange-Rates-Daily-9.xlsx
FJI,30/08/2022,0.4485,https://www.rbf.gov.fj/wp-content/uploads/2023/03/8.8-Exchange-Rates-Daily-9.xlsx
FJI,31/08/2022,0.4473,https://www.rbf.gov.fj/wp-content/uploads/2023/03/8.8-Exchange-Rates-Daily-9.xlsx
FJI,1/09/2022,0.4468,https://www.rbf.gov.fj/wp-content/uploads/2023/03/8.8-Exchange-Rates-Daily-9.xlsx
FJI,2/09/2022,0.4448,https://www.rbf.gov.fj/wp-content/uploads/2023/03/8.8-Exchange-Rates-Daily-9.xlsx
FJI,5/09/2022,0.4449,https://www.rbf.gov.fj/wp-content/uploads/2023/03/8.8-Exchange-Rates-Daily-9.xlsx
FJI,6/09/2022,0.4452,https://www.rbf.gov.fj/wp-content/uploads/2023/03/8.8-Exchange-Rates-Daily-9.xlsx
FJI,8/09/2022,0.4440,https://www.rbf.gov.fj/wp-content/uploads/2023/03/8.8-Exchange-Rates-Daily-9.xlsx
FJI,9/09/2022,0.4432,https://www.rbf.gov.fj/wp-content/uploads/2023/03/8.8-Exchange-Rates-Daily-9.xlsx
FJI,12/09/2022,0.4453,https://www.rbf.gov.fj/wp-content/uploads/2023/03/8.8-Exchange-Rates-Daily-9.xlsx
FJI,13/09/2022,0.4477,https://www.rbf.gov.fj/wp-content/uploads/2023/03/8.8-Exchange-Rates-Daily-9.xlsx
FJI,14/09/2022,0.4418,https://www.rbf.gov.fj/wp-content/uploads/2023/03/8.8-Exchange-Rates-Daily-9.xlsx
FJI,15/09/2022,0.4425,https://www.rbf.gov.fj/wp-content/uploads/2023/03/8.8-Exchange-Rates-Daily-9.xlsx
FJI,16/09/2022,0.4411,https://www.rbf.gov.fj/wp-content/uploads/2023/03/8.8-Exchange-Rates-Daily-9.xlsx
FJI,19/09/2022,0.4418,https://www.rbf.gov.fj/wp-content/uploads/2023/03/8.8-Exchange-Rates-Daily-9.xlsx
FJI,20/09/2022,0.4414,https://www.rbf.gov.fj/wp-content/uploads/2023/03/8.8-Exchange-Rates-Daily-9.xlsx
FJI,21/09/2022,0.4398,https://www.rbf.gov.fj/wp-content/uploads/2023/03/8.8-Exchange-Rates-Daily-9.xlsx
FJI,22/09/2022,0.4374,https://www.rbf.gov.fj/wp-content/uploads/2023/03/8.8-Exchange-Rates-Daily-9.xlsx
FJI,23/09/2022,0.4378,https://www.rbf.gov.fj/wp-content/uploads/2023/03/8.8-Exchange-Rates-Daily-9.xlsx
FJI,26/09/2022,0.4333,https://www.rbf.gov.fj/wp-content/uploads/2023/03/8.8-Exchange-Rates-Daily-9.xlsx
FJI,27/09/2022,0.4300,https://www.rbf.gov.fj/wp-content/uploads/2023/03/8.8-Exchange-Rates-Daily-9.xlsx
FJI,28/09/2022,0.4295,https://www.rbf.gov.fj/wp-content/uploads/2023/03/8.8-Exchange-Rates-Daily-9.xlsx
FJI,29/09/2022,0.4330,https://www.rbf.gov.fj/wp-content/uploads/2023/03/8.8-Exchange-Rates-Daily-9.xlsx
FJI,30/09/2022,0.4324,https://www.rbf.gov.fj/wp-content/uploads/2023/03/8.8-Exchange-Rates-Daily-9.xlsx
FJI,3/10/2022,0.4289,https://www.rbf.gov.fj/wp-content/uploads/2023/03/8.8-Exchange-Rates-Daily-9.xlsx
FJI,4/10/2022,0.4329,https://www.rbf.gov.fj/wp-content/uploads/2023/03/8.8-Exchange-Rates-Daily-9.xlsx
FJI,5/10/2022,0.4333,https://www.rbf.gov.fj/wp-content/uploads/2023/03/8.8-Exchange-Rates-Daily-9.xlsx
FJI,6/10/2022,0.4331,https://www.rbf.gov.fj/wp-content/uploads/2023/03/8.8-Exchange-Rates-Daily-9.xlsx
FJI,11/10/2022,0.4258,https://www.rbf.gov.fj/wp-content/uploads/2023/03/8.8-Exchange-Rates-Daily-9.xlsx
FJI,12/10/2022,0.4258,https://www.rbf.gov.fj/wp-content/uploads/2023/03/8.8-Exchange-Rates-Daily-9.xlsx
FJI,13/10/2022,0.4259,https://www.rbf.gov.fj/wp-content/uploads/2023/03/8.8-Exchange-Rates-Daily-9.xlsx
FJI,14/10/2022,0.4270,https://www.rbf.gov.fj/wp-content/uploads/2023/03/8.8-Exchange-Rates-Daily-9.xlsx
FJI,17/10/2022,0.4239,https://www.rbf.gov.fj/wp-content/uploads/2023/03/8.8-Exchange-Rates-Daily-9.xlsx
FJI,18/10/2022,0.4267,https://www.rbf.gov.fj/wp-content/uploads/2023/03/8.8-Exchange-Rates-Daily-9.xlsx
FJI,19/10/2022,0.4279,https://www.rbf.gov.fj/wp-content/uploads/2023/03/8.8-Exchange-Rates-Daily-9.xlsx
FJI,20/10/2022,0.4266,https://www.rbf.gov.fj/wp-content/uploads/2023/03/8.8-Exchange-Rates-Daily-9.xlsx
FJI,21/10/2022,0.4270,https://www.rbf.gov.fj/wp-content/uploads/2023/03/8.8-Exchange-Rates-Daily-9.xlsx
FJI,24/10/2022,0.4311,https://www.rbf.gov.fj/wp-content/uploads/2023/03/8.8-Exchange-Rates-Daily-9.xlsx
FJI,26/10/2022,0.4310,https://www.rbf.gov.fj/wp-content/uploads/2023/03/8.8-Exchange-Rates-Daily-9.xlsx
FJI,27/10/2022,0.4346,https://www.rbf.gov.fj/wp-content/uploads/2023/03/8.8-Exchange-Rates-Daily-9.xlsx
FJI,28/10/2022,0.4335,https://www.rbf.gov.fj/wp-content/uploads/2023/03/8.8-Exchange-Rates-Daily-9.xlsx
FJI,31/10/2022,0.4317,https://www.rbf.gov.fj/wp-content/uploads/2023/03/8.8-Exchange-Rates-Daily-9.xlsx
FJI,1/11/2022,0.4317,https://www.rbf.gov.fj/wp-content/uploads/2023/03/8.8-Exchange-Rates-Daily-9.xlsx
FJI,2/11/2022,0.4321,https://www.rbf.gov.fj/wp-content/uploads/2023/03/8.8-Exchange-Rates-Daily-9.xlsx
FJI,3/11/2022,0.4311,https://www.rbf.gov.fj/wp-content/uploads/2023/03/8.8-Exchange-Rates-Daily-9.xlsx
FJI,4/11/2022,0.4289,https://www.rbf.gov.fj/wp-content/uploads/2023/03/8.8-Exchange-Rates-Daily-9.xlsx
FJI,7/11/2022,0.4334,https://www.rbf.gov.fj/wp-content/uploads/2023/03/8.8-Exchange-Rates-Daily-9.xlsx
FJI,8/11/2022,0.4359,https://www.rbf.gov.fj/wp-content/uploads/2023/03/8.8-Exchange-Rates-Daily-9.xlsx
FJI,9/11/2022,0.4369,https://www.rbf.gov.fj/wp-content/uploads/2023/03/8.8-Exchange-Rates-Daily-9.xlsx
FJI,10/11/2022,0.4341,https://www.rbf.gov.fj/wp-content/uploads/2023/03/8.8-Exchange-Rates-Daily-9.xlsx
FJI,11/11/2022,0.4402,https://www.rbf.gov.fj/wp-content/uploads/2023/03/8.8-Exchange-Rates-Daily-9.xlsx
FJI,14/11/2022,0.4448,https://www.rbf.gov.fj/wp-content/uploads/2023/03/8.8-Exchange-Rates-Daily-9.xlsx
FJI,15/11/2022,0.4446,https://www.rbf.gov.fj/wp-content/uploads/2023/03/8.8-Exchange-Rates-Daily-9.xlsx
FJI,16/11/2022,0.4468,https://www.rbf.gov.fj/wp-content/uploads/2023/03/8.8-Exchange-Rates-Daily-9.xlsx
FJI,17/11/2022,0.4460,https://www.rbf.gov.fj/wp-content/uploads/2023/03/8.8-Exchange-Rates-Daily-9.xlsx
FJI,18/11/2022,0.4440,https://www.rbf.gov.fj/wp-content/uploads/2023/03/8.8-Exchange-Rates-Daily-9.xlsx
FJI,21/11/2022,0.4443,https://www.rbf.gov.fj/wp-content/uploads/2023/03/8.8-Exchange-Rates-Daily-9.xlsx
FJI,22/11/2022,0.4415,https://www.rbf.gov.fj/wp-content/uploads/2023/03/8.8-Exchange-Rates-Daily-9.xlsx
FJI,23/11/2022,0.4436,https://www.rbf.gov.fj/wp-content/uploads/2023/03/8.8-Exchange-Rates-Daily-9.xlsx
FJI,24/11/2022,0.4473,https://www.rbf.gov.fj/wp-content/uploads/2023/03/8.8-Exchange-Rates-Daily-9.xlsx
FJI,25/11/2022,0.4484,https://www.rbf.gov.fj/wp-content/uploads/2023/03/8.8-Exchange-Rates-Daily-9.xlsx
FJI,28/11/2022,0.4466,https://www.rbf.gov.fj/wp-content/uploads/2023/03/8.8-Exchange-Rates-Daily-9.xlsx
FJI,29/11/2022,0.4440,https://www.rbf.gov.fj/wp-content/uploads/2023/03/8.8-Exchange-Rates-Daily-9.xlsx
FJI,30/11/2022,0.4455,https://www.rbf.gov.fj/wp-content/uploads/2023/03/8.8-Exchange-Rates-Daily-9.xlsx
FJI,1/12/2022,0.4498,https://www.rbf.gov.fj/wp-content/uploads/2023/03/8.8-Exchange-Rates-Daily-9.xlsx
FJI,2/12/2022,0.4514,https://www.rbf.gov.fj/wp-content/uploads/2023/03/8.8-Exchange-Rates-Daily-9.xlsx
FJI,5/12/2022,0.4511,https://www.rbf.gov.fj/wp-content/uploads/2023/03/8.8-Exchange-Rates-Daily-9.xlsx
FJI,6/12/2022,0.4478,https://www.rbf.gov.fj/wp-content/uploads/2023/03/8.8-Exchange-Rates-Daily-9.xlsx
FJI,7/12/2022,0.4480,https://www.rbf.gov.fj/wp-content/uploads/2023/03/8.8-Exchange-Rates-Daily-9.xlsx
FJI,8/12/2022,0.4494,https://www.rbf.gov.fj/wp-content/uploads/2023/03/8.8-Exchange-Rates-Daily-9.xlsx
FJI,9/12/2022,0.4508,https://www.rbf.gov.fj/wp-content/uploads/2023/03/8.8-Exchange-Rates-Daily-9.xlsx
FJI,12/12/2022,0.4516,https://www.rbf.gov.fj/wp-content/uploads/2023/03/8.8-Exchange-Rates-Daily-9.xlsx
FJI,13/12/2022,0.4501,https://www.rbf.gov.fj/wp-content/uploads/2023/03/8.8-Exchange-Rates-Daily-9.xlsx
FJI,15/12/2022,0.4538,https://www.rbf.gov.fj/wp-content/uploads/2023/03/8.8-Exchange-Rates-Daily-9.xlsx
FJI,16/12/2022,0.4489,https://www.rbf.gov.fj/wp-content/uploads/2023/03/8.8-Exchange-Rates-Daily-9.xlsx
FJI,19/12/2022,0.4496,https://www.rbf.gov.fj/wp-content/uploads/2023/03/8.8-Exchange-Rates-Daily-9.xlsx
FJI,20/12/2022,0.4491,https://www.rbf.gov.fj/wp-content/uploads/2023/03/8.8-Exchange-Rates-Daily-9.xlsx
FJI,21/12/2022,0.4490,https://www.rbf.gov.fj/wp-content/uploads/2023/03/8.8-Exchange-Rates-Daily-9.xlsx
FJI,22/12/2022,0.4488,https://www.rbf.gov.fj/wp-content/uploads/2023/03/8.8-Exchange-Rates-Daily-9.xlsx
FJI,23/12/2022,0.4474,https://www.rbf.gov.fj/wp-content/uploads/2023/03/8.8-Exchange-Rates-Daily-9.xlsx
FJI,28/12/2022,0.4489,https://www.rbf.gov.fj/wp-content/uploads/2023/03/8.8-Exchange-Rates-Daily-9.xlsx
FJI,29/12/2022,0.4494,https://www.rbf.gov.fj/wp-content/uploads/2023/03/8.8-Exchange-Rates-Daily-9.xlsx
FJI,30/12/2022,0.4511,https://www.rbf.gov.fj/wp-content/uploads/2023/03/8.8-Exchange-Rates-Daily-9.xlsx
